date,followers_count,following_count,media_count,engagement_rate,average_likes,average_comments,comments_to_likes_ratio,weekly_posts
2026-06-01,39534,1870,2721,3.518%,1359.9,31.0,2.280%,0.00
2026-05-31,39536,1870,2721,3.518%,1359.8,31.0,2.280%,0.00
2026-05-30,39542,1870,2721,3.515%,1359.0,31.0,2.281%,0.00
2026-05-29,39545,1870,2721,3.515%,1358.9,31.0,2.281%,0.00
2026-05-28,39548,1871,2721,3.514%,1358.6,31.0,2.282%,0.00
2026-05-27,39548,1871,2721,3.512%,1358.1,31.0,2.283%,0.00
2026-05-26,39560,1871,2721,3.510%,1357.7,31.0,2.283%,0.00
2026-05-25,39562,1871,2721,3.509%,1357.2,30.9,2.277%,2.00
2026-05-24,39570,1873,2721,3.507%,1356.8,30.9,2.277%,3.00
2026-05-23,39581,1872,2721,3.501%,1355.2,30.7,2.265%,5.00
2026-05-22,39586,1872,2721,3.493%,1352.0,30.7,2.271%,7.00
2026-05-21,39583,1873,2721,3.488%,1349.8,30.7,2.274%,7.00
2026-05-20,39580,1873,2721,3.487%,1349.3,30.7,2.275%,7.00
2026-05-19,39580,1873,2721,3.466%,1341.1,30.6,2.282%,7.00
2026-05-18,39583,1873,2721,3.846%,1495.0,27.4,1.833%,7.00
2026-05-17,39572,1873,2719,3.765%,1464.1,25.9,1.769%,6.00
2026-05-16,39555,1873,2716,3.767%,1464.0,25.9,1.769%,6.00
2026-05-15,39555,1874,2715,3.592%,1397.2,23.8,1.703%,5.00
2026-05-14,39596,1875,2714,3.589%,1397.2,23.8,1.703%,5.00
2026-05-13,39593,1876,2714,3.587%,1396.3,23.8,1.705%,5.00
2026-05-12,39604,1876,2714,3.585%,1396.1,23.8,1.705%,5.00
2026-05-11,39605,1876,2714,4.006%,1549.7,36.8,2.375%,4.00
2026-05-10,39602,1875,2713,3.661%,1418.4,31.4,2.214%,1.00
2026-05-09,39590,1874,2710,3.662%,1418.4,31.4,2.214%,1.00
2026-05-08,39602,1874,2709,3.661%,1418.5,31.4,2.214%,0.00
2026-05-07,39636,1874,2709,3.658%,1418.5,31.4,2.214%,0.00
2026-05-06,39641,1874,2709,3.658%,1418.5,31.4,2.214%,0.00
2026-05-05,39740,1873,2709,3.649%,1418.6,31.4,2.213%,0.00
2026-05-04,39744,1874,2709,3.648%,1418.6,31.4,2.213%,0.00
2026-05-03,39757,1875,2709,3.647%,1418.5,31.4,2.214%,0.00
2026-05-02,39757,1875,2709,3.647%,1418.5,31.4,2.214%,0.00
2026-05-01,39760,1875,2709,3.646%,1418.4,31.4,2.214%,0.00
2026-04-30,39764,1875,2709,3.646%,1418.3,31.4,2.214%,0.00
2026-04-29,39773,1875,2709,3.644%,1418.1,31.4,2.214%,0.00
2026-04-28,39781,1875,2709,3.643%,1417.9,31.4,2.215%,0.00
2026-04-27,39784,1875,2709,3.643%,1417.8,31.4,2.215%,0.00
2026-04-26,39788,1874,2709,3.640%,1417.0,31.4,2.216%,0.00
2026-04-25,39792,1873,2709,3.620%,1409.2,31.4,2.228%,0.00
2026-04-24,39790,1873,2709,3.612%,1406.0,31.4,2.233%,0.00
2026-04-23,39798,1874,2709,3.608%,1404.6,31.4,2.236%,0.00
2026-04-22,39805,1875,2709,3.602%,1402.2,31.4,2.239%,0.00
2026-04-21,39811,1874,2709,3.589%,1397.4,31.3,2.240%,0.00
2026-04-20,39815,1875,2709,3.585%,1396.1,31.3,2.242%,0.00
2026-04-19,39823,1874,2709,3.578%,1393.5,31.3,2.246%,0.00
2026-04-18,39817,1873,2709,3.567%,1388.8,31.4,2.261%,0.00
2026-04-17,39819,1873,2709,3.564%,1387.8,31.4,2.263%,0.00
2026-04-16,39820,1873,2709,3.554%,1384.1,31.3,2.261%,0.00
2026-04-15,39828,1873,2709,3.539%,1378.4,31.3,2.271%,0.00
2026-04-14,39822,1872,2709,3.520%,1370.5,31.3,2.284%,0.00
2026-04-13,39831,1873,2709,3.503%,1363.9,31.3,2.295%,0.00
2026-04-12,39842,1873,2709,3.492%,1359.9,31.3,2.302%,0.00
2026-04-11,39842,1873,2709,3.439%,1339.0,31.2,2.330%,2.00
2026-04-10,39844,1873,2709,3.422%,1332.3,31.2,2.342%,2.00
2026-04-09,39848,1873,2709,3.371%,1312.3,30.9,2.355%,4.00
2026-04-08,39857,1875,2709,3.355%,1306.3,30.8,2.358%,4.00
2026-04-07,39863,1876,2709,3.170%,1230.1,33.4,2.715%,4.00
2026-04-06,39858,1875,2709,3.156%,1224.7,33.4,2.727%,4.00
2026-04-05,39858,1875,2709,3.120%,1210.2,33.4,2.760%,6.00
2026-04-04,39862,1875,2708,3.097%,1200.3,34.2,2.849%,8.00
2026-04-03,39858,1875,2707,2.940%,1136.2,35.8,3.151%,8.00
2026-04-02,39864,1875,2706,3.228%,1252.0,34.8,2.780%,8.00
2026-04-01,39859,1875,2705,3.213%,1246.1,34.7,2.785%,10.00
2026-03-31,39856,1873,2705,3.278%,1269.8,36.7,2.890%,10.00
2026-03-30,39855,1873,2705,3.275%,1268.3,36.8,2.902%,10.00
2026-03-29,39844,1872,2703,3.276%,1258.7,46.5,3.694%,13.00
2026-03-28,39828,1871,2700,3.479%,1337.5,48.1,3.596%,14.00
2026-03-27,39795,1872,2699,3.478%,1336.0,48.1,3.600%,13.00
2026-03-26,39794,1872,2697,3.578%,1368.4,55.3,4.041%,12.00
2026-03-25,39782,1871,2696,3.565%,1363.3,54.9,4.027%,11.00
2026-03-24,39782,1871,2695,3.644%,1395.8,54.0,3.869%,10.00
2026-03-23,39770,1871,2695,3.502%,1345.5,47.3,3.515%,10.00
2026-03-22,39738,1871,2691,2.948%,1139.3,32.3,2.835%,6.00
2026-03-21,39658,1871,2689,3.804%,1456.8,51.8,3.556%,1.00
2026-03-20,39639,1871,2686,3.789%,1450.3,51.5,3.551%,1.00
2026-03-19,39641,1871,2685,3.773%,1444.1,51.5,3.566%,0.00
2026-03-18,39646,1871,2685,3.757%,1438.1,51.5,3.581%,0.00
2026-03-17,39647,1870,2685,3.743%,1432.4,51.5,3.595%,1.00
2026-03-16,39660,1870,2685,3.728%,1427.0,51.4,3.602%,3.00
2026-03-15,39661,1870,2685,3.723%,1425.3,51.4,3.606%,3.00
2026-03-14,39658,1868,2685,3.693%,1413.1,51.3,3.630%,3.00
2026-03-13,39662,1868,2685,3.683%,1409.3,51.3,3.640%,3.00
2026-03-12,39652,1868,2685,3.658%,1399.4,51.1,3.652%,4.00
2026-03-11,39659,1867,2685,3.603%,1377.9,50.9,3.694%,6.00
2026-03-10,39658,1867,2685,3.589%,1372.6,50.9,3.708%,6.00
2026-03-09,39652,1868,2684,3.520%,1345.5,50.1,3.724%,6.00
2026-03-08,39658,1868,2683,3.726%,1416.0,61.7,4.357%,8.00
2026-03-07,39648,1868,2683,3.577%,1357.3,61.0,4.494%,19.00
2026-03-06,39624,1868,2683,3.709%,1410.3,59.2,4.198%,24.00
2026-03-05,39607,1868,2682,3.695%,1422.4,41.0,2.882%,27.00
2026-03-04,39588,1869,2681,3.756%,1456.2,30.8,2.115%,33.00
2026-03-03,39566,1869,2680,3.971%,1536.6,34.4,2.239%,36.00
2026-03-02,39542,1871,2677,3.934%,1550.7,5.0,0.322%,37.00
2026-03-01,39504,1870,2674,3.552%,1378.6,24.6,1.784%,27.00
2026-02-28,39465,1872,2668,6.734%,2631.1,26.6,1.011%,26.00
2026-02-27,39382,1870,2659,5.891%,2296.2,23.6,1.028%,28.00
2026-02-26,39336,1870,2653,6.184%,2397.4,35.3,1.472%,19.00
2026-02-25,39316,1870,2651,5.703%,2215.5,26.7,1.205%,18.00
2026-02-24,39282,1870,2648,6.919%,2688.8,29.3,1.090%,17.00
2026-02-23,39251,1871,2647,8.071%,3131.1,36.9,1.178%,15.00
2026-02-22,39210,1872,2644,7.305%,2829.0,35.4,1.251%,10.00
2026-02-21,39143,1873,2637,6.955%,2688.4,34.0,1.265%,6.00
2026-02-20,39101,1873,2634,6.138%,2370.9,29.1,1.227%,7.00
2026-02-19,39077,1872,2634,5.916%,2283.1,28.8,1.261%,8.00
2026-02-18,39054,1872,2632,6.707%,2590.7,28.6,1.104%,7.00
2026-02-17,39039,1873,2631,7.439%,2873.5,30.7,1.068%,6.00
2026-02-16,39027,1873,2629,7.373%,2846.9,30.4,1.068%,7.00
2026-02-15,39002,1873,2629,7.091%,2736.2,29.6,1.082%,10.00
2026-02-14,38977,1873,2629,7.481%,2886.6,29.2,1.012%,10.00
2026-02-13,38974,1873,2628,7.329%,2828.2,28.3,1.001%,11.00
2026-02-12,38929,1872,2626,6.297%,2430.7,20.6,0.847%,17.00
2026-02-11,38903,1869,2624,5.657%,2182.8,18.0,0.825%,24.00
2026-02-10,38833,1869,2623,6.201%,2380.8,27.3,1.147%,26.00
2026-02-09,38791,1869,2621,5.954%,2284.2,25.3,1.108%,29.00
2026-02-08,38771,1870,2619,7.122%,2732.9,28.5,1.043%,36.00
2026-02-07,38700,1870,2618,5.931%,2271.6,23.8,1.048%,45.00
2026-02-06,38596,1870,2616,6.479%,2473.2,27.3,1.104%,51.00
2026-02-05,38494,1871,2614,5.388%,2047.2,26.8,1.309%,56.00
2026-02-04,38383,1872,2605,9.007%,3407.1,50.0,1.468%,41.00
2026-02-03,38236,1873,2595,6.714%,2544.5,22.7,0.892%,26.00
2026-02-02,38093,1873,2588,6.381%,2406.6,24.2,1.006%,23.00
2026-02-01,38055,1873,2584,7.081%,2665.8,28.9,1.084%,22.00
2026-01-31,38024,1873,2581,6.277%,2353.9,32.8,1.393%,21.00
2026-01-30,37982,1873,2578,5.158%,1930.4,28.9,1.497%,18.00
2026-01-29,37831,1873,2572,5.599%,2093.0,25.3,1.209%,13.00
2026-01-28,37596,1872,2565,5.311%,1972.0,24.8,1.258%,13.00
2026-01-27,37571,1872,2562,5.448%,2026.1,20.7,1.022%,14.00
2026-01-26,37574,1872,2561,5.323%,1979.7,20.3,1.025%,15.00
2026-01-25,37568,1870,2558,5.303%,1975.8,16.3,0.825%,17.00
2026-01-24,37563,1869,2557,5.825%,2170.1,18.1,0.834%,17.00
2026-01-23,37553,1867,2557,5.649%,2103.8,17.4,0.827%,18.00
2026-01-22,37555,1867,2554,7.091%,2641.2,21.7,0.822%,15.00
2026-01-21,37541,1868,2551,9.188%,3422.3,27.1,0.792%,12.00
2026-01-20,37529,1868,2548,9.876%,3677.7,28.7,0.780%,12.00
2026-01-19,37505,1868,2545,8.657%,3218.1,28.6,0.889%,7.00
2026-01-18,37488,1868,2539,8.598%,3194.6,28.6,0.895%,6.00
2026-01-17,37467,1869,2538,8.482%,3149.6,28.5,0.905%,6.00
2026-01-16,37459,1867,2534,8.440%,3133.2,28.3,0.903%,6.00
2026-01-15,37462,1868,2533,8.283%,3062.5,40.6,1.326%,6.00
2026-01-14,37455,1869,2532,8.629%,3187.4,44.5,1.396%,4.00
2026-01-13,37452,1870,2530,9.466%,3498.9,46.4,1.326%,4.00
2026-01-12,37458,1870,2530,10.715%,3958.9,54.6,1.379%,4.00
2026-01-11,37444,1869,2529,10.026%,3703.6,50.7,1.369%,4.00
2026-01-10,37431,1869,2528,9.970%,3681.2,50.5,1.372%,3.00
2026-01-09,37417,1868,2528,9.785%,3611.9,49.5,1.370%,3.00
2026-01-08,37413,1868,2527,10.311%,3806.3,51.4,1.350%,2.00
2026-01-07,37405,1866,2527,10.079%,3719.2,50.8,1.366%,4.00
2026-01-06,37388,1866,2526,9.194%,3385.1,52.3,1.545%,3.00
2026-01-05,37355,1864,2526,9.090%,3344.0,51.4,1.537%,3.00
2026-01-04,37334,1865,2525,8.903%,3273.7,50.3,1.536%,5.00
2026-01-03,37330,1865,2525,8.739%,3212.4,49.8,1.550%,7.00
2026-01-02,37324,1866,2525,8.455%,3106.6,49.1,1.581%,9.00
2026-01-01,37318,1867,2525,8.245%,3027.9,48.8,1.612%,10.00
2025-12-31,37313,1867,2524,7.928%,2910.4,47.7,1.639%,8.00
2025-12-30,37294,1866,2523,8.433%,3093.0,52.1,1.684%,8.00
2025-12-29,37287,1868,2523,6.574%,2405.4,45.7,1.900%,8.00
2025-12-28,37261,1868,2520,6.425%,2348.9,45.0,1.916%,8.00
2025-12-27,37247,1867,2518,6.990%,2548.2,55.2,2.166%,9.00
2025-12-26,37238,1867,2517,6.734%,2458.4,49.1,1.997%,9.00
2025-12-25,37237,1867,2515,6.462%,2364.0,42.4,1.794%,8.00
2025-12-24,37232,1866,2515,6.929%,2534.1,45.7,1.803%,10.00
2025-12-23,37230,1866,2515,6.307%,2309.5,38.6,1.671%,14.00
2025-12-22,37221,1867,2514,6.240%,2285.3,37.3,1.632%,14.00
2025-12-21,37217,1866,2512,6.244%,2284.6,39.2,1.716%,13.00
2025-12-20,37205,1865,2510,6.002%,2206.1,26.8,1.215%,12.00
2025-12-19,37181,1865,2509,6.385%,2347.4,26.6,1.133%,14.00
2025-12-18,37152,1865,2507,5.623%,2065.1,24.0,1.162%,14.00
2025-12-17,37145,1866,2505,7.213%,2640.9,38.4,1.454%,12.00
2025-12-16,37130,1867,2502,9.513%,3493.5,38.6,1.105%,11.00
2025-12-15,37124,1867,2500,9.433%,3463.4,38.5,1.112%,12.00
2025-12-14,37103,1867,2499,9.191%,3372.3,37.9,1.124%,13.00
2025-12-13,37063,1867,2498,9.585%,3516.8,35.8,1.018%,15.00
2025-12-12,37038,1868,2495,10.171%,3732.4,34.9,0.935%,14.00
2025-12-11,37023,1867,2493,11.171%,4098.3,37.4,0.913%,14.00
2025-12-10,36987,1866,2492,12.085%,4424.5,45.2,1.022%,14.00
2025-12-09,36967,1866,2491,12.715%,4655.0,45.3,0.973%,15.00
2025-12-08,36942,1866,2488,17.673%,6448.4,80.4,1.247%,13.00
2025-12-07,36911,1866,2486,16.839%,6139.3,76.2,1.241%,12.00
2025-12-06,36891,1864,2483,15.673%,5715.3,66.6,1.165%,12.00
2025-12-05,36859,1861,2481,15.502%,5648.0,65.9,1.167%,11.00
2025-12-04,36827,1862,2480,14.262%,5186.8,65.5,1.263%,11.00
2025-12-03,36780,1862,2478,13.899%,5046.3,65.7,1.302%,10.00
2025-12-02,36730,1863,2476,12.760%,4622.3,64.3,1.391%,9.00
2025-12-01,36687,1865,2474,12.668%,4580.7,66.8,1.458%,11.00
2025-11-30,36631,1864,2473,12.623%,4557.6,66.4,1.457%,10.00
2025-11-29,36573,1865,2471,12.369%,4458.2,65.5,1.469%,10.00
2025-11-28,36561,1864,2469,12.284%,4425.8,65.2,1.473%,11.00
2025-11-27,36538,1863,2467,12.030%,4331.8,63.8,1.473%,10.00
2025-11-26,36510,1863,2467,11.282%,4062.3,56.6,1.393%,12.00
2025-11-25,36387,1862,2465,6.125%,2205.5,23.3,1.056%,18.00
2025-11-24,36129,1861,2463,6.160%,2199.0,26.7,1.214%,21.00
2025-11-23,36111,1863,2461,6.442%,2299.2,27.1,1.179%,23.00
2025-11-22,36087,1859,2459,6.333%,2258.4,26.9,1.191%,23.00
2025-11-21,36057,1859,2457,6.581%,2343.8,29.0,1.237%,21.00
2025-11-20,36008,1861,2455,6.784%,2414.3,28.6,1.185%,21.00
2025-11-19,35950,1862,2452,14.939%,5239.6,130.8,2.496%,21.00
2025-11-18,35819,1861,2451,14.811%,5166.4,138.8,2.687%,16.00
2025-11-17,35777,1863,2443,12.861%,4483.0,118.2,2.637%,13.00
2025-11-16,35710,1863,2437,22.129%,7746.1,156.1,2.015%,13.00
2025-11-15,35698,1863,2434,21.959%,7683.7,155.1,2.019%,16.00
2025-11-14,35674,1863,2434,21.234%,7423.3,151.7,2.044%,24.00
2025-11-13,35666,1863,2433,20.591%,7192.6,151.3,2.104%,24.00
2025-11-12,35609,1862,2432,23.011%,8028.2,165.7,2.064%,26.00
2025-11-11,35498,1862,2429,15.276%,5331.2,91.5,1.716%,23.00
2025-11-10,35277,1863,2427,12.820%,4451.3,71.2,1.600%,21.00
2025-11-09,35227,1863,2424,12.312%,4268.8,68.5,1.605%,21.00
2025-11-08,35182,1864,2419,3.747%,1300.3,18.0,1.384%,12.00
2025-11-07,35105,1863,2414,4.309%,1478.5,34.0,2.300%,7.00
2025-11-06,35067,1864,2409,5.361%,1843.0,36.8,1.997%,7.00
2025-11-05,35071,1865,2407,5.343%,1837.0,36.8,2.003%,6.00
2025-11-04,35078,1865,2406,5.333%,1834.0,36.8,2.007%,6.00
2025-11-03,35075,1865,2405,5.291%,1819.0,36.8,2.023%,5.00
2025-11-02,35073,1865,2403,5.260%,1808.0,36.8,2.035%,8.00
2025-11-01,35073,1865,2403,6.003%,2060.0,45.3,2.199%,10.00
2025-10-31,35075,1865,2403,5.965%,2047.3,45.0,2.198%,12.00
2025-10-30,35066,1865,2403,5.820%,1995.7,45.0,2.255%,17.00
2025-10-29,35065,1863,2400,5.550%,1901.3,44.7,2.351%,15.00
2025-10-28,35064,1863,2400,5.482%,1878.0,44.3,2.359%,15.00
2025-10-27,35058,1863,2399,5.233%,1791.0,43.7,2.440%,15.00
2025-10-26,35054,1862,2398,5.169%,1769.3,42.7,2.413%,14.00
2025-10-25,35022,1863,2395,5.898%,2006.7,59.0,2.940%,17.00
2025-10-24,35008,1861,2391,9.090%,3137.2,45.0,1.434%,15.00
2025-10-23,35000,1861,2386,7.823%,2682.6,55.6,2.073%,15.00
2025-10-22,34987,1862,2385,7.767%,2662.6,55.0,2.066%,15.00
2025-10-21,34985,1862,2385,7.941%,2719.3,59.0,2.170%,18.00
2025-10-20,34977,1861,2385,7.907%,2707.4,58.3,2.153%,18.00
2025-10-19,34970,1861,2384,7.283%,2495.9,50.9,2.039%,19.00
2025-10-18,34971,1860,2380,6.797%,2315.5,61.4,2.652%,14.00
2025-10-17,34972,1862,2373,6.586%,2244.4,58.9,2.624%,11.00
2025-10-16,34962,1862,2371,6.408%,2183.0,57.4,2.629%,11.00
2025-10-15,34940,1861,2370,6.340%,2158.1,57.1,2.646%,11.00
2025-10-14,34914,1862,2368,6.139%,2086.9,56.6,2.712%,11.00
2025-10-13,34899,1862,2366,6.327%,2152.9,55.0,2.555%,12.00
2025-10-12,34879,1861,2365,5.685%,1924.8,58.1,3.018%,12.00
2025-10-11,34869,1859,2363,6.712%,2287.1,53.3,2.330%,11.00
2025-10-10,34853,1859,2362,6.659%,2268.3,52.6,2.319%,11.00
2025-10-09,34837,1859,2360,6.280%,2143.3,44.6,2.081%,12.00
2025-10-08,34818,1859,2359,5.946%,2026.8,43.5,2.146%,12.00
2025-10-07,34815,1859,2357,5.847%,1992.8,42.7,2.143%,11.00
2025-10-06,34808,1862,2355,5.235%,1789.3,33.0,1.844%,10.00
2025-10-05,34792,1861,2353,5.696%,1965.8,16.0,0.814%,15.00
2025-10-04,34779,1861,2354,5.573%,1925.0,13.2,0.686%,13.00
2025-10-03,34769,1861,2351,5.172%,1776.6,21.8,1.227%,9.00
2025-10-02,34758,1862,2348,5.143%,1765.9,21.7,1.229%,9.00
2025-10-01,34760,1862,2347,4.871%,1672.9,20.4,1.219%,7.00
2025-09-30,34757,1861,2346,4.716%,1618.9,20.3,1.254%,6.00
2025-09-29,34740,1861,2344,4.094%,1394.1,28.0,2.008%,5.00
2025-09-28,34701,1861,2342,4.092%,1392.9,27.1,1.946%,3.00
2025-09-27,34682,1862,2339,4.142%,1399.5,37.0,2.644%,0.00
2025-09-26,34682,1861,2339,4.137%,1397.8,37.0,2.647%,1.00
2025-09-25,34694,1862,2339,4.132%,1396.4,37.0,2.650%,3.00
2025-09-24,34693,1863,2339,4.129%,1395.6,37.0,2.651%,3.00
2025-09-23,34694,1863,2339,4.123%,1393.5,37.0,2.655%,3.00
2025-09-22,34689,1863,2339,4.211%,1420.6,40.0,2.816%,3.00
2025-09-21,34689,1864,2339,4.196%,1415.6,40.0,2.826%,3.00
2025-09-20,34682,1863,2339,4.486%,1508.9,47.1,3.121%,3.00
2025-09-19,34673,1863,2338,4.865%,1623.6,63.4,3.905%,5.00
2025-09-18,34672,1863,2336,4.965%,1664.0,57.5,3.456%,3.00
2025-09-17,34676,1863,2336,4.949%,1658.7,57.4,3.461%,3.00
2025-09-16,34664,1864,2336,4.945%,1656.6,57.4,3.465%,3.00
2025-09-15,34656,1863,2336,4.924%,1649.3,57.3,3.474%,3.00
2025-09-14,34638,1863,2336,4.916%,1645.5,57.3,3.482%,3.00
2025-09-13,34618,1864,2336,4.910%,1647.3,52.6,3.193%,0.00
2025-09-12,34617,1864,2333,4.908%,1646.5,52.6,3.195%,0.00
2025-09-11,34609,1865,2333,4.892%,1640.4,52.5,3.200%,2.00
2025-09-10,34597,1864,2333,4.888%,1638.5,52.5,3.204%,2.00
2025-09-09,34583,1863,2333,4.868%,1631.0,52.5,3.219%,4.00
2025-09-08,34570,1862,2333,4.855%,1625.8,52.5,3.229%,4.00
2025-09-07,34567,1862,2333,4.815%,1612.1,52.4,3.250%,5.00
2025-09-06,34562,1864,2333,4.736%,1585.0,51.9,3.274%,5.00
2025-09-05,34546,1864,2333,4.912%,1648.1,48.8,2.961%,3.00
2025-09-04,34536,1863,2331,4.905%,1645.1,48.8,2.966%,3.00
2025-09-03,34540,1864,2331,4.913%,1648.4,48.4,2.936%,3.00
2025-09-02,34529,1863,2330,4.914%,1648.3,48.4,2.936%,2.00
2025-09-01,34527,1863,2329,4.914%,1648.3,48.4,2.936%,0.00
2025-08-31,34532,1864,2328,4.913%,1648.3,48.4,2.936%,0.00
2025-08-30,34531,1864,2328,4.914%,1648.3,48.4,2.936%,0.00
2025-08-29,34529,1863,2328,4.914%,1648.3,48.4,2.936%,0.00
2025-08-28,34517,1865,2328,4.915%,1648.1,48.4,2.937%,0.00
2025-08-27,34506,1864,2328,4.916%,1647.9,48.4,2.937%,0.00
2025-08-26,34496,1864,2328,4.917%,1647.8,48.4,2.937%,0.00
2025-08-25,34483,1864,2328,4.918%,1647.5,48.4,2.938%,0.00
2025-08-24,34467,1866,2328,4.918%,1646.8,48.4,2.939%,0.00
2025-08-23,34454,1865,2328,4.918%,1646.4,48.2,2.928%,0.00
2025-08-22,34444,1865,2328,4.916%,1645.3,48.1,2.923%,1.00
2025-08-21,34435,1864,2328,4.916%,1644.8,48.1,2.924%,1.00
2025-08-20,34431,1864,2328,4.914%,1644.0,48.0,2.920%,1.00
2025-08-19,34417,1865,2328,4.913%,1642.8,48.0,2.922%,1.00
2025-08-18,34405,1865,2328,4.912%,1642.1,48.0,2.923%,1.00
2025-08-17,34398,1866,2328,4.912%,1641.8,48.0,2.924%,1.00
2025-08-16,34388,1866,2328,4.912%,1641.2,48.0,2.925%,1.00
2025-08-15,34389,1865,2328,4.910%,1640.3,48.1,2.932%,1.00
2025-08-14,34396,1867,2327,4.905%,1639.0,48.0,2.929%,0.00
2025-08-13,34399,1867,2327,4.898%,1636.8,48.0,2.933%,1.00
2025-08-12,34408,1867,2327,4.889%,1634.2,48.0,2.937%,1.00
2025-08-11,34407,1867,2327,4.881%,1631.5,47.9,2.936%,2.00
2025-08-10,34403,1867,2327,4.870%,1627.5,47.9,2.943%,2.00
2025-08-09,34394,1867,2327,4.849%,1620.3,47.5,2.932%,3.00
2025-08-08,34390,1866,2327,4.812%,1608.2,46.8,2.910%,4.00
2025-08-07,34386,1866,2327,4.769%,1593.3,46.7,2.931%,4.00
2025-08-06,34376,1867,2326,5.098%,1698.2,54.4,3.203%,5.00
2025-08-05,34369,1866,2326,5.041%,1678.7,53.8,3.205%,6.00
2025-08-04,34360,1866,2325,11.538%,3627.8,336.5,9.276%,6.00
2025-08-03,34356,1866,2325,11.458%,3602.1,334.4,9.283%,5.00
2025-08-02,34342,1864,2324,11.383%,3576.3,332.8,9.306%,4.00
2025-08-01,34337,1863,2323,11.352%,3565.8,332.2,9.316%,4.00
2025-07-31,34333,1863,2323,11.344%,3567.0,327.8,9.190%,6.00
2025-07-30,34325,1864,2322,11.223%,3529.3,322.9,9.149%,5.00
2025-07-29,34319,1865,2321,11.997%,3771.8,345.6,9.163%,3.00
2025-07-28,34306,1865,2319,11.877%,3731.9,342.5,9.178%,3.00
2025-07-27,34292,1864,2319,11.715%,3680.1,337.2,9.163%,5.00
2025-07-26,34280,1864,2319,11.434%,3588.4,331.3,9.233%,9.00
2025-07-25,34259,1864,2319,11.285%,3538.0,328.1,9.274%,10.00
2025-07-24,34219,1863,2318,10.961%,3430.0,320.9,9.356%,12.00
2025-07-23,34174,1862,2317,9.899%,3102.3,280.5,9.042%,13.00
2025-07-22,34149,1862,2316,9.526%,2988.3,264.8,8.861%,12.00
2025-07-21,34101,1863,2316,9.089%,2856.2,243.1,8.511%,14.00
2025-07-20,34049,1863,2315,9.095%,2841.9,254.7,8.962%,14.00
2025-07-19,33994,1864,2314,9.960%,3141.2,244.5,7.784%,14.00
2025-07-18,33929,1863,2309,10.159%,3197.3,249.4,7.800%,13.00
2025-07-17,33889,1863,2306,9.821%,3124.1,204.3,6.539%,13.00
2025-07-16,33802,1863,2304,7.943%,2638.6,46.3,1.755%,14.00
2025-07-15,33741,1863,2303,7.913%,2623.9,46.1,1.757%,15.00
2025-07-14,33728,1864,2301,7.824%,2593.8,45.2,1.743%,15.00
2025-07-13,33719,1864,2300,8.620%,2848.0,58.7,2.061%,12.00
2025-07-12,33689,1864,2298,8.562%,2825.8,58.5,2.070%,12.00
2025-07-11,33674,1864,2295,8.780%,2900.0,56.6,1.952%,8.00
2025-07-10,33666,1863,2292,8.658%,2858.7,56.0,1.959%,8.00
2025-07-09,33655,1862,2291,9.727%,3211.3,62.2,1.937%,8.00
2025-07-08,33642,1861,2288,9.682%,3195.1,62.1,1.944%,8.00
2025-07-07,33629,1861,2286,9.558%,3153.6,60.6,1.922%,7.00
2025-07-06,33612,1863,2286,9.273%,3058.4,58.3,1.906%,9.00
2025-07-05,33593,1864,2286,9.129%,3010.2,56.6,1.880%,9.00
2025-07-04,33565,1864,2286,9.221%,3040.6,54.5,1.792%,12.00
2025-07-03,33514,1865,2285,8.668%,2851.6,53.3,1.869%,16.00
2025-07-02,33470,1864,2283,8.530%,2804.0,51.1,1.822%,15.00
2025-07-01,33453,1864,2280,8.474%,2784.4,50.5,1.814%,13.00
2025-06-30,33425,1864,2279,10.710%,3509.3,70.4,2.006%,14.00
2025-06-29,33400,1864,2278,9.539%,3125.5,60.6,1.939%,16.00
2025-06-28,33363,1864,2277,10.626%,3478.5,66.5,1.912%,16.00
2025-06-27,33347,1864,2274,10.898%,3569.0,65.3,1.830%,15.00
2025-06-26,33303,1864,2269,10.002%,3274.3,56.8,1.735%,13.00
2025-06-25,33283,1864,2268,9.412%,3086.1,46.6,1.510%,12.00
2025-06-24,33247,1864,2267,9.108%,2990.5,37.5,1.254%,11.00
2025-06-23,33229,1863,2265,10.377%,3405.5,42.7,1.254%,8.00
2025-06-22,33220,1864,2263,10.288%,3375.5,42.3,1.253%,8.00
2025-06-21,33199,1863,2261,16.979%,5539.2,97.8,1.766%,5.00
2025-06-20,33183,1864,2259,16.973%,5534.5,97.8,1.767%,5.00
2025-06-19,33175,1863,2256,16.917%,5515.0,97.1,1.761%,1.00
2025-06-18,33183,1862,2255,16.890%,5507.6,97.1,1.763%,1.00
2025-06-17,33183,1862,2255,16.803%,5479.0,96.8,1.767%,2.00
2025-06-16,33178,1863,2255,16.772%,5467.7,96.8,1.770%,2.00
2025-06-15,33177,1863,2255,16.607%,5414.0,95.6,1.766%,8.00
2025-06-14,33172,1863,2255,16.545%,5392.8,95.4,1.769%,8.00
2025-06-13,33160,1863,2254,16.467%,5366.5,93.8,1.748%,11.00
2025-06-12,33148,1865,2254,16.167%,5265.3,93.8,1.781%,11.00
2025-06-11,33113,1866,2254,16.090%,5234.8,93.2,1.780%,11.00
2025-06-10,33053,1866,2253,18.665%,6047.6,121.9,2.016%,12.00
2025-06-09,33025,1866,2253,18.487%,5983.8,121.5,2.030%,12.00
2025-06-08,33008,1866,2248,14.704%,4758.5,95.1,1.999%,7.00
2025-06-07,32990,1866,2247,15.597%,5042.0,103.3,2.049%,7.00
2025-06-06,32968,1865,2245,14.127%,4566.3,91.0,1.993%,5.00
2025-06-05,32942,1866,2243,13.874%,4481.2,89.3,1.993%,5.00
2025-06-04,32925,1864,2243,13.687%,4417.6,89.0,2.015%,6.00
2025-06-03,32939,1864,2241,20.445%,6605.3,129.2,1.956%,5.00
2025-06-02,32920,1864,2241,20.461%,6608.5,127.3,1.926%,6.00
2025-06-01,32897,1864,2241,20.196%,6518.5,125.4,1.924%,8.00
2025-05-31,32866,1864,2240,19.600%,6316.4,125.4,1.985%,10.00
2025-05-30,32820,1864,2240,19.274%,6200.3,125.5,2.024%,13.00
2025-05-29,32760,1864,2238,19.952%,6410.7,125.5,1.958%,13.00
2025-05-28,32720,1864,2237,19.667%,6319.9,115.3,1.824%,15.00
2025-05-27,32636,1862,2236,16.504%,5310.3,76.1,1.433%,16.00
2025-05-26,32543,1862,2235,19.332%,6189.8,101.3,1.637%,15.00
2025-05-25,32492,1862,2233,18.830%,6019.1,99.3,1.650%,13.00
2025-05-24,32453,1861,2230,19.001%,6060.7,105.6,1.742%,11.00
2025-05-23,32426,1862,2227,19.124%,6097.7,103.6,1.699%,9.00
2025-05-22,32410,1863,2225,19.610%,6249.8,105.8,1.693%,10.00
2025-05-21,32388,1862,2222,19.129%,6094.1,101.4,1.664%,8.00
2025-05-20,32344,1861,2220,18.474%,5876.3,99.0,1.685%,7.00
2025-05-19,32261,1862,2220,15.134%,4783.9,98.6,2.061%,9.00
2025-05-18,32079,1862,2220,14.944%,4696.1,97.8,2.083%,10.00
2025-05-17,32049,1862,2218,14.605%,4588.9,92.0,2.005%,15.00
2025-05-16,32025,1864,2216,13.346%,4189.4,84.5,2.017%,23.00
2025-05-15,31975,1864,2219,11.666%,3656.1,74.1,2.027%,23.00
2025-05-14,31894,1863,2218,10.136%,3161.9,70.9,2.242%,24.00
2025-05-13,31806,1862,2218,7.645%,2385.5,46.0,1.928%,26.00
2025-05-12,31713,1860,2215,5.719%,1757.6,56.1,3.192%,22.00
2025-05-11,31643,1858,2214,6.153%,1926.6,20.4,1.059%,21.00
2025-05-10,31583,1857,2208,10.179%,3184.6,30.3,0.951%,15.00
2025-05-09,31561,1856,2199,9.425%,2950.9,23.8,0.807%,7.00
2025-05-08,31549,1856,2196,8.840%,2766.4,22.5,0.813%,5.00
2025-05-07,31544,1858,2194,8.760%,2741.3,22.1,0.806%,4.00
2025-05-06,31533,1858,2193,9.258%,2897.5,21.9,0.756%,3.00
2025-05-05,31530,1858,2193,9.205%,2880.3,21.9,0.760%,4.00
2025-05-04,31511,1859,2193,9.116%,2850.8,21.9,0.768%,6.00
2025-05-03,31496,1857,2193,9.011%,2816.5,21.7,0.770%,8.00
2025-05-02,31459,1856,2192,9.028%,2817.7,22.5,0.799%,13.00
2025-05-01,31434,1854,2191,8.871%,2766.4,22.2,0.802%,17.00
2025-04-30,31419,1854,2190,8.643%,2693.5,22.0,0.817%,17.00
2025-04-29,31399,1854,2190,8.575%,2667.1,25.4,0.952%,17.00
2025-04-28,31353,1855,2189,6.774%,2097.2,26.6,1.268%,17.00
2025-04-27,31202,1854,2187,6.905%,2126.3,28.3,1.331%,15.00
2025-04-26,31148,1853,2185,6.676%,2040.6,38.8,1.901%,13.00
2025-04-25,31101,1854,2179,6.290%,1921.9,34.3,1.785%,7.00
2025-04-24,31079,1854,2174,6.112%,1864.3,35.3,1.893%,3.00
2025-04-23,31047,1855,2173,6.065%,1847.9,35.1,1.899%,2.00
2025-04-22,30977,1854,2173,6.019%,1829.8,34.8,1.902%,3.00
2025-04-21,30929,1854,2172,5.957%,1808.0,34.5,1.908%,4.00
2025-04-20,30920,1854,2172,5.872%,1781.6,34.1,1.914%,7.00
2025-04-19,30928,1855,2172,6.011%,1823.6,35.5,1.947%,9.00
2025-04-18,30914,1855,2172,5.884%,1784.3,34.6,1.939%,14.00
2025-04-17,30905,1855,2171,5.763%,1746.7,34.4,1.969%,15.00
2025-04-16,30890,1856,2171,5.522%,1672.9,32.9,1.967%,15.00
2025-04-15,30874,1856,2170,6.091%,1839.3,41.3,2.245%,15.00
2025-04-14,30855,1857,2168,5.963%,1800.4,39.4,2.188%,13.00
2025-04-13,30811,1859,2165,6.577%,2002.0,24.3,1.214%,10.00
2025-04-12,30784,1858,2163,13.017%,3940.6,66.4,1.685%,8.00
2025-04-11,30777,1858,2158,13.193%,3959.9,100.6,2.540%,5.00
2025-04-10,30776,1858,2156,13.270%,3984.3,99.7,2.502%,3.00
2025-04-09,30779,1857,2156,13.223%,3970.3,99.6,2.509%,3.00
2025-04-08,30778,1856,2155,13.170%,3953.9,99.6,2.519%,3.00
2025-04-07,30778,1857,2155,13.117%,3937.8,99.4,2.524%,5.00
2025-04-06,30785,1856,2155,13.060%,3921.3,99.2,2.530%,9.00
2025-04-05,30782,1857,2155,12.997%,3901.8,98.9,2.535%,11.00
2025-04-04,30777,1857,2154,12.905%,3872.9,98.8,2.551%,11.00
2025-04-03,30781,1998,2154,12.620%,3786.6,98.1,2.591%,12.00
2025-04-02,30779,1997,2154,12.544%,3763.3,97.6,2.593%,12.00
2025-04-01,30766,1998,2153,12.277%,3682.1,94.9,2.577%,11.00
2025-03-31,30759,1998,2151,12.152%,3643.1,94.8,2.602%,10.00
2025-03-30,30722,1998,2147,11.937%,3573.2,94.0,2.631%,6.00
2025-03-29,30695,1996,2145,11.701%,3497.4,94.2,2.693%,4.00
2025-03-28,30681,1995,2143,11.550%,3449.8,93.9,2.722%,3.00
2025-03-27,30678,1995,2142,11.393%,3401.8,93.4,2.746%,4.00
2025-03-26,30669,1994,2142,10.914%,3255.0,92.3,2.836%,5.00
2025-03-25,30654,1995,2142,10.674%,3181.0,90.9,2.858%,6.00
2025-03-24,30632,1993,2141,10.412%,3100.3,89.1,2.874%,7.00
2025-03-23,30606,1995,2141,10.012%,2978.1,86.2,2.894%,14.00
2025-03-22,30531,1995,2141,6.554%,1938.6,62.5,3.224%,17.00
2025-03-21,30366,1995,2140,5.944%,1753.1,52.0,2.966%,26.00
2025-03-20,30283,1995,2138,4.928%,1458.3,34.1,2.338%,28.00
2025-03-19,30200,1997,2137,4.648%,1372.6,31.0,2.258%,30.00
2025-03-18,30116,1997,2136,3.394%,1016.7,5.3,0.521%,34.00
2025-03-17,29988,1997,2134,5.462%,1629.1,8.8,0.540%,29.00
2025-03-16,29828,1996,2127,10.008%,2949.0,36.1,1.224%,20.00
2025-03-15,29783,1996,2124,19.438%,5709.8,79.5,1.392%,16.00
2025-03-14,29772,1995,2116,19.129%,5611.4,83.8,1.493%,7.00
2025-03-13,29754,1995,2113,20.216%,5928.5,86.5,1.459%,4.00
2025-03-12,29714,1997,2111,18.921%,5538.3,84.0,1.517%,3.00
2025-03-11,29658,1995,2111,18.463%,5394.3,81.4,1.509%,5.00
2025-03-10,29549,1997,2112,15.211%,4428.9,65.7,1.483%,6.00
2025-03-09,29414,1996,2111,15.104%,4377.4,65.3,1.492%,10.00
2025-03-08,29393,1996,2111,13.100%,3794.5,55.9,1.473%,16.00
2025-03-07,29357,1998,2111,10.786%,3122.2,44.2,1.416%,23.00
2025-03-06,29320,1998,2110,10.819%,3127.3,44.7,1.429%,28.00
2025-03-05,29262,1998,2109,15.650%,4513.9,65.6,1.453%,33.00
2025-03-04,29129,1997,2107,13.825%,3971.4,55.7,1.403%,34.00
2025-03-03,28933,1997,2105,1.754%,505.0,2.5,0.495%,41.00
2025-03-02,28820,1994,2101,0.007%,2.0,0.0,0.000%,24.00
2025-03-01,28776,1993,2096,0.007%,2.0,0.0,0.000%,20.00
2025-02-28,28761,1993,2090,0.374%,106.5,1.0,0.939%,14.00
2025-02-27,28751,1992,2086,0.374%,106.5,1.0,0.939%,11.00
2025-02-26,28735,1993,2082,0.484%,138.0,1.0,0.725%,7.00
2025-02-25,28714,1993,2082,0.484%,138.0,1.0,0.725%,7.00
2025-02-24,28704,1996,2081,0.483%,137.7,1.0,0.726%,6.00
2025-02-23,28710,1998,2079,0.483%,137.7,1.0,0.726%,4.00
2025-02-22,28703,1999,2077,0.865%,247.8,0.6,0.242%,3.00
2025-02-21,28693,1999,2076,0.866%,247.8,0.6,0.242%,4.00
2025-02-20,28692,1999,2076,0.866%,247.8,0.6,0.242%,4.00
2025-02-19,28682,1998,2076,0.865%,247.6,0.6,0.242%,10.00
2025-02-18,28676,1998,2076,0.866%,247.6,0.6,0.242%,16.00
2025-02-17,28669,1999,2076,0.865%,247.4,0.6,0.243%,16.00
2025-02-16,28653,1999,2076,0.862%,246.4,0.6,0.244%,17.00
2025-02-15,28635,1997,2075,0.860%,245.6,0.6,0.244%,18.00
2025-02-14,28628,1999,2073,1.185%,339.0,0.3,0.088%,17.00
2025-02-13,28598,1999,2072,1.181%,337.3,0.3,0.089%,17.00
2025-02-12,28564,1998,2068,1.416%,404.5,0.0,0.000%,19.00
2025-02-11,28543,1998,2063,1.309%,371.3,2.3,0.619%,24.00
2025-02-10,28531,1999,2063,1.292%,366.3,2.3,0.628%,26.00
2025-02-09,28513,1999,2063,1.281%,363.0,2.3,0.634%,29.00
2025-02-08,28480,1999,2062,1.036%,293.5,1.5,0.511%,31.00
2025-02-07,28464,1998,2061,0.879%,248.0,2.3,0.927%,29.00
2025-02-06,28439,1997,2060,0.609%,173.3,0.0,0.000%,33.00
2025-02-05,28373,1997,2054,0.580%,164.5,0.0,0.000%,34.00
2025-02-04,28335,1996,2045,0.579%,164.0,0.0,0.000%,17.00
2025-02-03,28329,1996,2043,13.191%,3728.0,9.0,0.241%,15.00
2025-02-02,28328,1997,2042,22.682%,6406.3,19.0,0.297%,12.00
2025-02-01,28305,1998,2042,22.672%,6398.3,19.0,0.297%,12.00
2025-01-31,28293,1998,2038,15.599%,4388.5,25.0,0.570%,8.00
2025-01-30,28297,1998,2032,14.776%,4151.0,30.3,0.730%,1.00
2025-01-29,28297,1996,2031,14.767%,4148.2,30.3,0.730%,1.00
2025-01-28,28300,1994,2031,14.757%,4146.0,30.3,0.731%,1.00
2025-01-27,28297,1995,2031,14.749%,4143.1,30.3,0.731%,1.00
2025-01-26,28295,1995,2031,14.737%,4139.3,30.4,0.734%,2.00
2025-01-25,28292,1995,2031,14.729%,4136.7,30.4,0.735%,4.00
2025-01-24,28289,1995,2031,14.723%,4134.6,30.4,0.735%,4.00
2025-01-23,28286,1996,2031,14.717%,4132.5,30.4,0.736%,5.00
2025-01-22,28285,1997,2030,14.701%,4127.9,30.4,0.736%,5.00
2025-01-21,28280,1998,2030,14.685%,4122.6,30.3,0.735%,6.00
2025-01-20,28285,1998,2030,14.668%,4118.5,30.3,0.736%,7.00
2025-01-19,28276,1997,2029,14.659%,4114.7,30.3,0.736%,6.00
2025-01-18,28270,1997,2027,14.644%,4109.7,30.3,0.737%,4.00
2025-01-17,28260,1997,2027,14.629%,4103.8,30.3,0.738%,4.00
2025-01-16,28251,1997,2026,14.617%,4099.1,30.3,0.739%,3.00
2025-01-15,28256,1997,2025,14.590%,4092.3,30.3,0.740%,2.00
2025-01-14,28265,1998,2024,14.564%,4086.3,30.3,0.742%,1.00
2025-01-13,28264,1999,2023,14.542%,4079.8,30.3,0.743%,0.00
2025-01-12,28262,1999,2023,14.519%,4073.1,30.3,0.744%,0.00
2025-01-11,28270,1997,2023,14.493%,4066.9,30.3,0.745%,0.00
2025-01-10,28266,1996,2023,14.470%,4059.7,30.3,0.746%,1.00
2025-01-09,28263,1994,2023,14.440%,4050.8,30.3,0.748%,1.00
2025-01-08,28258,1993,2022,14.409%,4041.4,30.3,0.750%,1.00
2025-01-07,28259,1994,2022,14.380%,4033.4,30.3,0.751%,1.00
2025-01-06,28264,1993,2022,14.336%,4021.8,30.1,0.748%,1.00
2025-01-05,28269,1990,2022,14.284%,4007.9,30.1,0.751%,1.00
2025-01-04,28270,1988,2022,14.227%,3991.8,30.1,0.754%,1.00
2025-01-03,28273,1924,2021,14.170%,3975.8,30.4,0.765%,0.00
2025-01-02,28256,1924,2021,14.105%,3955.3,30.3,0.766%,0.00
2025-01-01,28250,1923,2021,14.037%,3935.2,30.3,0.770%,0.00
2024-12-31,28261,1923,2021,13.961%,3915.3,30.3,0.774%,0.00
2024-12-30,28257,1923,2021,13.885%,3893.1,30.3,0.778%,0.00
2024-12-29,28258,1923,2021,13.805%,3870.8,30.3,0.783%,0.00
2024-12-28,28261,1923,2021,13.719%,3846.7,30.3,0.788%,0.00
2024-12-27,28259,1922,2021,13.622%,3819.0,30.3,0.793%,0.00
2024-12-26,28257,1922,2021,13.481%,3779.1,30.1,0.796%,0.00
2024-12-25,28258,1922,2021,13.345%,3741.0,30.1,0.805%,0.00
2024-12-24,28262,1922,2021,13.181%,3695.0,30.1,0.815%,0.00
2024-12-23,28267,1921,2021,13.016%,3649.2,30.0,0.822%,1.00
2024-12-22,28264,1920,2021,12.830%,3596.5,29.9,0.831%,2.00
2024-12-21,28254,1920,2021,12.627%,3538.0,29.7,0.839%,2.00
2024-12-20,28252,1920,2021,12.419%,3478.8,29.7,0.854%,2.00
2024-12-19,28256,1921,2021,12.187%,3413.8,29.7,0.870%,3.00
2024-12-18,28251,1922,2021,11.911%,3335.3,29.6,0.887%,3.00
2024-12-17,28229,1922,2021,11.453%,3204.3,28.8,0.899%,3.00
2024-12-16,28216,1922,2020,11.581%,3239.7,27.9,0.861%,2.00
2024-12-15,28093,1920,2019,11.568%,3222.0,27.8,0.863%,1.00
2024-12-14,28057,1921,2019,11.513%,3202.5,27.8,0.868%,1.00
2024-12-13,28053,1922,2019,11.457%,3186.3,27.6,0.866%,1.00
2024-12-12,28064,1922,2018,11.383%,3166.9,27.6,0.872%,1.00
2024-12-11,28060,1922,2018,11.312%,3146.8,27.4,0.871%,1.00
2024-12-10,28060,1922,2018,11.227%,3123.1,27.3,0.874%,1.00
2024-12-09,28056,1923,2018,11.104%,3088.2,27.1,0.878%,2.00
2024-12-08,28052,1923,2018,10.993%,3057.0,26.8,0.877%,3.00
2024-12-07,28048,1923,2018,10.412%,2895.0,25.4,0.877%,3.00
2024-12-06,28037,1924,2018,10.277%,2856.4,24.9,0.872%,5.00
2024-12-05,28021,1924,2017,10.091%,2803.3,24.4,0.870%,6.00
2024-12-03,27980,1923,2017,9.784%,2717.4,20.3,0.747%,10.00
2024-12-02,27964,1920,2016,9.746%,2705.0,20.3,0.750%,10.00
2024-12-01,27953,1921,2015,9.682%,2688.5,17.8,0.662%,10.00
2024-11-30,27937,1920,2015,8.394%,2328.5,16.6,0.713%,11.00
2024-11-29,27914,1920,2013,8.175%,2271.2,10.7,0.471%,11.00
2024-11-28,27873,1920,2011,8.173%,2270.8,7.2,0.317%,10.00
2024-11-27,27845,1920,2009,7.262%,2016.8,5.4,0.268%,10.00
2024-11-26,27836,1921,2007,7.101%,1971.3,5.3,0.269%,10.00
2024-11-25,27823,1921,2006,8.332%,2309.8,8.5,0.368%,22.00
2024-11-24,27802,1921,2005,7.490%,2073.7,8.6,0.415%,26.00
2024-11-23,27792,1921,2004,7.112%,1968.4,8.2,0.417%,30.00
2024-11-22,27775,1921,2002,7.005%,1937.6,8.0,0.413%,36.00
2024-11-21,27751,1922,2001,6.939%,1918.0,7.7,0.401%,35.00
2024-11-20,27747,1922,1999,8.526%,2351.9,13.9,0.591%,24.00
2024-11-19,27670,1922,1997,6.244%,1716.7,11.0,0.641%,23.00
2024-11-18,27435,1922,1984,5.837%,1583.2,18.3,1.156%,11.00
2024-11-17,27401,1921,1977,5.576%,1511.5,16.3,1.078%,4.00
2024-11-16,27394,1919,1976,5.575%,1510.8,16.3,1.079%,4.00
2024-11-15,27404,1920,1974,5.565%,1508.8,16.3,1.080%,2.00
2024-11-14,27410,1920,1973,5.560%,1507.6,16.3,1.081%,2.00
2024-11-13,27403,1919,1973,5.558%,1506.7,16.3,1.082%,2.00
2024-11-12,27403,1917,1972,5.551%,1504.8,16.3,1.083%,1.00
2024-11-11,27402,1917,1971,5.544%,1502.8,16.3,1.085%,1.00
2024-11-10,27399,1917,1971,5.537%,1500.8,16.3,1.086%,1.00
2024-11-09,27400,1918,1971,5.522%,1496.7,16.3,1.089%,2.00
2024-11-08,27408,1917,1971,5.501%,1491.4,16.3,1.093%,3.00
2024-11-07,27413,1916,1971,5.474%,1484.3,16.3,1.098%,3.00
2024-11-06,27412,1915,1971,5.440%,1474.9,16.3,1.105%,4.00
2024-11-05,27414,1913,1971,5.407%,1466.0,16.3,1.112%,4.00
2024-11-04,27387,1847,1970,5.368%,1453.8,16.3,1.121%,3.00
2024-11-03,27388,1847,1970,5.317%,1439.8,16.3,1.132%,4.00
2024-11-02,27382,1848,1969,5.211%,1410.7,16.2,1.148%,4.00
2024-11-01,27378,1848,1968,5.076%,1373.0,16.7,1.216%,3.00
2024-10-31,27382,1847,1968,5.030%,1360.7,16.7,1.227%,3.00
2024-10-30,27375,1849,1967,4.960%,1341.2,16.6,1.238%,2.00
2024-10-29,27383,1848,1966,4.913%,1330.0,15.3,1.150%,3.00
2024-10-28,27405,1846,1966,4.913%,1330.5,15.8,1.188%,4.00
2024-10-27,27410,1846,1965,4.880%,1321.8,15.8,1.195%,4.00
2024-10-26,27409,1846,1964,4.813%,1303.3,15.8,1.212%,3.00
2024-10-25,27408,1845,1964,4.731%,1281.0,15.7,1.226%,3.00
2024-10-24,27406,1843,1963,4.675%,1265.6,15.7,1.241%,3.00
2024-10-23,27400,1843,1962,5.182%,1407.5,12.3,0.874%,3.00
2024-10-22,27393,1843,1961,5.112%,1387.9,12.3,0.886%,2.00
2024-10-21,27387,1842,1960,4.837%,1312.7,12.0,0.914%,2.00
2024-10-20,27386,1844,1959,4.786%,1298.6,12.0,0.924%,1.00
2024-10-19,27381,1844,1959,4.715%,1279.0,11.9,0.930%,1.00
2024-10-18,27380,1845,1959,4.644%,1259.5,11.9,0.945%,1.00
2024-10-17,27385,1845,1959,4.556%,1236.0,11.6,0.939%,2.00
2024-10-16,27386,1845,1959,4.613%,1257.1,6.3,0.501%,3.00
2024-10-15,27385,1845,1959,4.547%,1238.8,6.3,0.509%,3.00
2024-10-14,27384,1845,1958,4.470%,1217.7,6.3,0.517%,2.00
2024-10-13,27383,1845,1958,4.394%,1197.0,6.3,0.526%,2.00
2024-10-12,27378,1845,1958,4.508%,1228.1,6.0,0.489%,5.00
2024-10-11,27371,1845,1957,4.375%,1191.3,6.1,0.512%,7.00
2024-10-10,27372,1844,1956,4.317%,1175.6,6.1,0.519%,8.00
2024-10-09,27375,1844,1955,4.233%,1152.8,6.1,0.529%,7.00
2024-10-08,27364,1845,1955,4.121%,1121.6,6.0,0.535%,7.00
2024-10-07,27357,1845,1955,4.231%,1151.4,6.1,0.530%,7.00
2024-10-06,27350,1844,1955,4.402%,1199.3,4.7,0.392%,7.00
2024-10-05,27354,1844,1952,7.578%,2070.0,3.0,0.145%,4.00
2024-10-04,27357,1845,1950,7.523%,2055.0,3.0,0.146%,2.00
2024-10-03,27359,1844,1948,7.325%,2001.0,3.0,0.150%,1.00
2024-10-02,27362,1843,1948,7.149%,1953.0,3.0,0.154%,1.00
2024-10-01,27363,1842,1948,6.977%,1906.0,3.0,0.157%,1.00
2024-09-30,27366,1839,1948,6.778%,1852.0,3.0,0.162%,1.00
2024-09-29,27354,1777,1948,6.511%,1778.0,3.0,0.169%,1.00
2024-09-28,27346,1777,1948,5.573%,1521.0,3.0,0.197%,2.00
2024-09-27,27346,1775,1948,1.470%,402.0,0.0,0.000%,2.00
2024-09-26,27346,1776,1947,,,,,1.00
2024-09-25,27363,1777,1947,,,,,1.00
2024-09-24,27360,1777,1947,,,,,1.00
2024-09-23,27355,1777,1947,,,,,1.00
2024-09-22,27355,1777,1947,,,,,1.00
2024-09-21,27359,1777,1946,,,,,0.00
2024-09-20,27365,1792,1946,,,,,0.00
2024-09-19,27371,1793,1946,,,,,0.00
2024-09-18,27367,1793,1946,,,,,0.00
2024-09-17,27363,1793,1946,,,,,0.00
2024-09-16,27373,1792,1946,,,,,1.00
2024-09-15,27369,1792,1946,,,,,2.00
2024-09-14,27366,1791,1946,,,,,3.00
2024-09-13,27367,1791,1946,,,,,3.00
2024-09-12,27366,1789,1946,,,,,3.00
2024-09-11,27356,1789,1946,,,,,3.00
2024-09-10,27358,1789,1946,,,,,3.00
2024-09-09,27354,1789,1945,,,,,2.00
2024-09-08,27338,1788,1944,,,,,1.00
2024-09-07,27339,1786,1943,,,,,2.00
2024-09-06,27342,1787,1943,,,,,3.00
2024-09-05,27351,1787,1943,,,,,3.00
2024-09-04,27358,1787,1943,,,,,3.00
2024-09-03,27362,1787,1943,,,,,3.00
2024-09-02,27360,1788,1943,,,,,3.00
2024-09-01,27373,1786,1943,,,,,4.00
2024-08-31,27380,1786,1941,,,,,2.00
2024-08-30,27343,1787,1940,,,,,1.00
2024-08-29,27346,1787,1940,,,,,1.00
2024-08-28,27344,1786,1940,,,,,1.00
2024-08-27,27354,1785,1940,,,,,1.00
2024-08-26,27358,1784,1940,,,,,2.00
2024-08-25,27353,1785,1939,,,,,1.00
2024-08-24,27357,1784,1939,,,,,1.00
2024-08-23,27367,1784,1939,,,,,1.00
2024-08-22,27369,1784,1939,,,,,2.00
2024-08-21,27377,1784,1939,,,,,2.00
2024-08-20,27374,1784,1939,,,,,3.00
2024-08-19,27376,1784,1938,,,,,2.00
2024-08-18,27378,1783,1938,,,,,2.00
2024-08-17,27376,1783,1938,,,,,3.00
2024-08-16,27384,1783,1938,,,,,3.00
2024-08-15,27385,1782,1937,,,,,2.00
2024-08-14,27389,1781,1937,,,,,3.00
2024-08-13,27392,1780,1936,,,,,2.00
2024-08-12,27401,1780,1936,,,,,2.00
2024-08-11,27406,1778,1936,,,,,2.00
2024-08-10,27412,1778,1935,,,,,2.00
2024-08-09,27413,1778,1935,,,,,3.00
2024-08-08,27421,1779,1935,,,,,3.00
2024-08-07,27419,1779,1934,,,,,3.00
2024-08-06,27417,1779,1934,,,,,3.00
2024-08-05,27423,1778,1933,,,,,3.00
2024-08-04,27420,1777,1933,,,,,3.00
2024-08-03,27415,1776,1932,,,,,2.00
2024-08-02,27413,1777,1931,,,,,1.00
2024-08-01,27404,1775,1931,,,,,1.00
2024-07-31,27402,1775,1930,,,,,0.00
2024-07-30,27408,1775,1930,,,,,0.00
2024-07-29,27410,1775,1930,,,,,0.00
2024-07-28,27418,1775,1930,,,,,0.00
2024-07-27,27433,1774,1930,,,,,0.00
2024-07-26,27439,1774,1930,,,,,0.00
2024-07-25,27443,1775,1930,,,,,0.00
2024-07-24,27441,1774,1930,,,,,0.00
2024-07-23,27447,1773,1930,,,,,0.00
2024-07-22,27444,1773,1930,,,,,0.00
2024-07-21,27446,1773,1930,,,,,0.00
2024-07-20,27444,1773,1930,,,,,0.00
2024-07-19,27450,1773,1930,,,,,0.00
2024-07-18,27457,1772,1930,,,,,0.00
2024-07-17,27440,1772,1930,,,,,1.00
2024-07-16,27434,1774,1930,,,,,2.00
2024-07-15,27416,1773,1930,,,,,3.00
2024-07-14,27411,1771,1930,,,,,4.00
2024-07-13,27392,1772,1930,,,,,5.00
2024-07-12,27374,1773,1930,,,,,5.00
2024-07-11,27351,1773,1930,,,,,5.00
2024-07-10,27326,1773,1929,,,,,6.00
2024-07-09,27317,1771,1928,,,,,6.00
2024-07-08,27287,1769,1927,,,,,5.00
2024-07-07,27273,1769,1926,,,,,4.00
2024-07-06,27287,1770,1925,,,,,3.00
2024-07-05,27292,1771,1925,,,,,3.00
2024-07-04,27296,1770,1925,,,,,3.00
2024-07-03,27296,1772,1923,46.842%,12753.0,33.0,0.259%,1.00
2024-07-02,27294,1769,1923,46.845%,12753.0,33.0,0.259%,0.00
2024-07-01,27272,1714,1923,46.880%,12752.0,33.0,0.259%,0.00
2024-06-30,27276,1712,1923,46.880%,12754.0,33.0,0.259%,0.00
2024-06-29,27282,1713,1923,46.870%,12754.0,33.0,0.259%,0.00
2024-06-28,27280,1713,1923,46.877%,12755.0,33.0,0.259%,0.00
2024-06-27,27283,1713,1923,46.875%,12756.0,33.0,0.259%,0.00
2024-06-26,27284,1711,1924,46.874%,12756.0,33.0,0.259%,1.00
2024-06-25,27291,1710,1924,46.862%,12756.0,33.0,0.259%,1.00
2024-06-24,27297,1708,1924,46.851%,12756.0,33.0,0.259%,1.00
2024-06-23,27291,1709,1924,46.862%,12756.0,33.0,0.259%,1.00
2024-06-22,27294,1709,1924,46.856%,12756.0,33.0,0.259%,1.00
2024-06-21,27297,1709,1924,46.851%,12756.0,33.0,0.259%,1.00
2024-06-20,27295,1708,1924,46.855%,12756.0,33.0,0.259%,2.00
2024-06-19,27305,1709,1923,46.838%,12756.0,33.0,0.259%,1.00
2024-06-18,27311,1709,1923,46.827%,12756.0,33.0,0.259%,1.00
2024-06-17,27313,1709,1923,46.824%,12756.0,33.0,0.259%,1.00
2024-06-16,27315,1707,1923,46.824%,12757.0,33.0,0.259%,1.00
2024-06-15,27316,1707,1923,46.822%,12757.0,33.0,0.259%,1.00
2024-06-14,27318,1706,1923,46.823%,12758.0,33.0,0.259%,1.00
2024-06-13,27315,1705,1922,46.839%,12761.0,33.0,0.259%,1.00
2024-06-12,27314,1706,1922,46.840%,12761.0,33.0,0.259%,1.00
2024-06-11,27307,1705,1922,46.856%,12762.0,33.0,0.259%,4.00
2024-06-10,27307,1706,1922,46.856%,12762.0,33.0,0.259%,6.00
2024-06-09,27305,1703,1922,46.863%,12763.0,33.0,0.259%,7.00
2024-06-08,27307,1704,1922,46.856%,12762.0,33.0,0.259%,8.00
2024-06-07,27309,1703,1915,46.853%,12762.0,33.0,0.259%,9.00
2024-06-06,27311,1703,1915,46.846%,12761.0,33.0,0.259%,8.00
2024-06-05,27298,1703,1915,46.864%,12760.0,33.0,0.259%,8.00
2024-06-04,27293,1703,1915,46.873%,12760.0,33.0,0.259%,5.00
2024-06-03,27254,1703,1915,18.680%,5042.0,49.0,0.972%,3.00
2024-06-02,27246,1703,1913,19.128%,5169.8,41.8,0.809%,2.00
2024-06-01,27253,1704,1913,17.638%,4766.2,40.6,0.852%,1.00
2024-05-31,27247,1703,1913,15.728%,4246.3,39.2,0.923%,1.00
2024-05-30,27242,1703,1913,15.728%,4245.5,39.2,0.923%,1.00
2024-05-29,27241,1702,1913,15.725%,4244.5,39.2,0.924%,1.00
2024-05-28,27245,1700,1913,15.720%,4243.8,39.2,0.924%,1.00
2024-05-27,27250,1700,1912,15.714%,4243.0,39.2,0.924%,1.00
2024-05-26,27228,1700,1912,15.727%,4243.0,39.2,0.924%,1.00
2024-05-25,27187,1698,1912,15.746%,4241.8,39.2,0.924%,1.00
2024-05-24,27188,1698,1912,14.248%,3839.1,34.7,0.904%,0.00
2024-05-23,27196,1697,1912,14.241%,3838.3,34.7,0.904%,0.00
2024-05-22,27195,1697,1912,14.231%,3835.3,34.7,0.905%,0.00
2024-05-21,27190,1698,1912,14.230%,3834.4,34.7,0.905%,0.00
2024-05-20,27183,1699,1912,14.230%,3833.4,34.7,0.905%,0.00
2024-05-19,27178,1700,1912,14.230%,3832.6,34.7,0.905%,0.00
2024-05-18,27174,1701,1912,14.227%,3831.3,34.7,0.906%,0.00
2024-05-17,27172,1700,1912,14.221%,3829.3,34.7,0.906%,0.00
2024-05-16,27172,1700,1912,14.218%,3828.6,34.7,0.906%,1.00
2024-05-15,27157,1700,1912,14.222%,3827.7,34.7,0.907%,1.00
2024-05-14,27162,1699,1912,14.215%,3826.4,34.7,0.907%,1.00
2024-05-13,27165,1700,1912,14.202%,3823.3,34.7,0.908%,1.00
2024-05-12,27147,1699,1912,14.189%,3817.3,34.7,0.909%,2.00
2024-05-11,27135,1700,1912,14.166%,3809.3,34.7,0.911%,2.00
2024-05-10,27125,1699,1912,14.142%,3801.3,34.7,0.913%,2.00
2024-05-09,27126,1699,1911,21.546%,5809.8,34.9,0.601%,1.00
2024-05-08,27127,1699,1911,21.437%,5780.4,34.9,0.604%,2.00
2024-05-07,27121,1699,1911,21.327%,5749.1,34.9,0.607%,3.00
2024-05-06,27114,1700,1910,21.202%,5713.9,34.9,0.611%,4.00
2024-05-05,27113,1701,1910,19.738%,5317.9,33.6,0.632%,7.00
2024-05-04,27101,1701,1910,19.614%,5282.2,33.4,0.632%,11.00
2024-05-03,27095,1701,1898,19.487%,5246.6,33.4,0.637%,14.00
2024-05-02,27075,1701,1898,19.389%,5216.2,33.4,0.640%,17.00
2024-05-01,27055,1701,1898,19.230%,5169.2,33.4,0.646%,16.00
2024-04-30,27009,1701,1898,19.007%,5100.3,33.4,0.655%,16.00
2024-04-29,26804,1704,1898,15.134%,4022.9,33.5,0.833%,18.00
2024-04-28,26335,1702,1898,12.415%,3241.0,28.4,0.876%,16.00
2024-04-27,26194,1703,1898,11.795%,3061.4,28.2,0.921%,13.00
2024-04-26,26130,1701,1893,11.454%,2963.8,29.1,0.982%,10.00
2024-04-25,26106,1701,1893,11.713%,3028.4,29.3,0.968%,8.00
2024-04-24,26074,1701,1888,11.889%,3077.6,22.4,0.728%,10.00
2024-04-23,26024,1699,1888,11.804%,3049.1,22.7,0.744%,13.00
2024-04-22,25986,1698,1888,12.158%,3138.7,20.8,0.663%,12.00
2024-04-21,25942,1697,1888,35.793%,9162.5,123.0,1.342%,16.00
2024-04-20,25899,1637,1861,34.945%,8929.0,121.5,1.361%,18.00
2024-04-19,25882,1635,1861,33.346%,8513.0,117.5,1.380%,19.00
2024-04-18,25846,1629,1861,31.080%,7920.0,113.0,1.427%,19.00
2024-04-17,25806,1569,1861,57.281%,14570.0,212.0,1.455%,17.00
2024-04-16,25796,1568,1861,53.283%,13543.0,202.0,1.492%,15.00
2024-04-15,25743,1567,1848,50.056%,12693.0,193.0,1.521%,16.00
2024-04-14,25652,1566,1848,47.427%,11976.0,190.0,1.587%,11.00
2024-04-13,25590,1504,1848,44.322%,11166.0,176.0,1.576%,7.00
2024-04-12,25566,1504,1848,41.833%,10527.0,168.0,1.596%,6.00
2024-04-11,25535,1504,1848,37.427%,9398.0,159.0,1.692%,7.00
2024-04-10,25478,1503,1844,18.569%,4628.0,103.0,2.226%,7.00
2024-04-09,25427,1503,1844,,,,,5.00
2024-04-08,25417,1502,1844,,,,,4.00
2024-04-07,25390,1503,1841,,,,,6.00
2024-04-06,25375,1501,1841,,,,,8.00
2024-04-05,25358,1501,1841,,,,,9.00
2024-04-04,25345,1500,1841,,,,,7.00
2024-04-03,25305,1498,1841,,,,,9.00
2024-04-02,25267,1483,1837,,,,,11.00
2024-04-01,25218,1479,1837,,,,,14.00
2024-03-31,25193,1482,1837,,,,,16.00
2024-03-30,25174,1481,1837,,,,,19.00
2024-03-29,25158,1481,1834,,,,,20.00
2024-03-28,25111,1481,1834,,,,,23.00
2024-03-27,25080,1481,1834,,,,,27.00
2024-03-26,25011,1475,1824,,,,,32.00
2024-03-25,24958,1413,1824,,,,,29.00
2024-03-24,24883,1416,1824,,,,,29.00
2024-03-23,24818,1416,1812,,,,,20.00
2024-03-22,24771,1415,1812,,,,,18.00
2024-03-21,24718,1414,1809,,,,,16.00
2024-03-20,24689,1413,1808,,,,,15.00
2024-03-19,24666,1547,1804,,,,,15.00
2024-03-18,24642,1544,1803,,,,,15.00
2024-03-17,24602,1544,1800,,,,,16.00
2024-03-16,24580,1543,1798,,,,,17.00
2024-03-15,24569,1543,1796,,,,,20.00
2024-03-14,24546,1544,1794,,,,,20.00
2024-03-13,24526,1617,1792,,,,,19.00
2024-03-12,24486,1791,1789,,,,,17.00
2024-03-11,24437,1792,1785,,,,,16.00
2024-03-10,24402,1792,1783,,,,,13.00
2024-03-09,24308,1793,1778,,,,,10.00
2024-03-08,24236,1790,1776,,,,,9.00
2024-03-07,24187,1790,1775,,,,,8.00
2024-03-06,24170,1791,1775,,,,,8.00
2024-03-05,24142,1792,1774,,,,,8.00
2024-03-04,24120,1790,1772,,,,,7.00
2024-03-03,24105,1790,1771,,,,,8.00
2024-03-02,24081,1789,1769,,,,,7.00
2024-03-01,24049,1789,1769,,,,,5.00
2024-02-29,24029,1789,1772,,,,,6.00
2024-02-28,24013,1789,1772,3.785%,898.0,11.0,1.225%,5.00
2024-02-27,23966,1789,1771,3.780%,895.0,11.0,1.229%,6.00
2024-02-26,23938,1789,1769,3.781%,894.0,11.0,1.230%,8.00
2024-02-25,23919,1788,1769,3.771%,891.0,11.0,1.235%,9.00
2024-02-24,23879,1789,1769,3.773%,890.0,11.0,1.236%,11.00
2024-02-23,23835,1789,1769,3.780%,890.0,11.0,1.236%,13.00
2024-02-22,23797,1789,1767,3.778%,888.0,11.0,1.239%,13.00
2024-02-21,23770,1788,1767,3.732%,876.0,11.0,1.256%,15.00
2024-02-20,23725,1787,1763,3.709%,869.0,11.0,1.266%,19.00
2024-02-19,23662,1786,1760,3.700%,867.0,8.5,0.980%,19.00
2024-02-18,23618,1785,1758,6.614%,1548.7,13.3,0.859%,20.00
2024-02-17,23582,1785,1756,6.461%,1511.0,12.7,0.841%,21.00
2024-02-16,23544,1785,1754,28.265%,6630.8,23.8,0.359%,21.00
2024-02-15,23494,1785,1752,27.900%,6531.5,23.3,0.357%,21.00
2024-02-14,23401,1785,1747,35.828%,8356.3,27.7,0.331%,27.00
2024-02-13,23308,1783,1746,34.994%,8129.7,26.7,0.328%,27.00
2024-02-12,23168,1781,1740,49.346%,11395.0,37.5,0.329%,27.00
2024-02-11,23052,1781,1737,83.893%,19283.0,56.0,0.290%,29.00
2024-02-10,22932,1780,1735,,,,,29.00
2024-02-09,22721,1937,1733,,,,,28.00
2024-02-08,22631,1937,1726,,,,,29.00
2024-02-07,22585,1937,1722,,,,,27.00
2024-02-06,22552,1937,1720,,,,,22.00
2024-02-05,22511,2023,1714,,,,,16.00
2024-02-04,22501,2023,1712,,,,,16.00
2024-02-03,22478,2021,1712,,,,,15.00
2024-02-02,22434,2020,1708,,,,,13.00
2024-02-01,22400,2020,1704,62.004%,13814.0,75.0,0.543%,10.00
2024-01-31,22381,1962,1700,62.053%,13813.0,75.0,0.543%,6.00
2024-01-30,22361,1963,1700,62.108%,13813.0,75.0,0.543%,8.00
2024-01-29,22350,1962,1700,62.139%,13813.0,75.0,0.543%,8.00
2024-01-28,22334,1960,1697,62.174%,13811.0,75.0,0.543%,6.00
2024-01-27,22330,1960,1696,62.176%,13809.0,75.0,0.543%,6.00
2024-01-26,22327,1960,1695,62.185%,13809.0,75.0,0.543%,6.00
2024-01-25,22312,1959,1695,62.222%,13808.0,75.0,0.543%,6.00
2024-01-24,22306,1958,1694,62.221%,13804.0,75.0,0.543%,6.00
2024-01-23,22301,1958,1692,62.230%,13803.0,75.0,0.543%,3.00
2024-01-22,22303,1957,1691,62.180%,13793.0,75.0,0.544%,3.00
2024-01-21,22296,1956,1691,61.921%,13731.0,75.0,0.546%,2.00
2024-01-20,22268,1956,1690,61.433%,13606.0,74.0,0.544%,2.00
2024-01-19,22267,1957,1690,60.848%,13475.0,74.0,0.549%,2.00
2024-01-18,22262,1957,1689,60.332%,13358.0,73.0,0.546%,1.00
2024-01-17,22257,1957,1689,59.878%,13254.0,73.0,0.551%,1.00
2024-01-16,22259,1958,1689,59.509%,13173.0,73.0,0.554%,1.00
2024-01-15,22262,1958,1689,59.271%,13122.0,73.0,0.556%,1.00
2024-01-14,22258,1957,1689,58.752%,13004.0,73.0,0.561%,2.00
2024-01-13,22240,1958,1688,57.918%,12808.0,73.0,0.570%,2.00
2024-01-12,22226,1958,1688,56.704%,12530.0,73.0,0.583%,2.00
2024-01-11,22224,1958,1688,56.088%,12393.0,72.0,0.581%,2.00
2024-01-10,22224,1958,1688,55.548%,12273.0,72.0,0.587%,2.00
2024-01-09,22216,1958,1688,54.695%,12081.0,70.0,0.579%,2.00
2024-01-08,22216,1959,1687,53.961%,11919.0,69.0,0.579%,3.00
2024-01-07,22200,1957,1687,,,,,2.00
2024-01-06,22176,1956,1687,,,,,2.00
2024-01-05,22162,1956,1686,,,,,1.00
2024-01-04,22155,1957,1686,,,,,2.00
2024-01-03,22155,1956,1686,,,,,2.00
2024-01-02,22142,1956,1685,,,,,2.00
2024-01-01,22126,1956,1685,,,,,1.00
2023-12-31,22106,1956,1685,,,,,2.00
2023-12-30,22072,1957,1685,,,,,
2023-12-29,22057,1954,1684,,,,,
2023-12-28,22038,1955,1684,,,,,
2023-12-27,21972,1957,1684,,,,,
2023-12-26,21895,1957,1684,,,,,
2023-12-25,21858,1957,1683,,,,,
2023-12-24,21820,1958,1683,,,,,
2023-12-23,21798,1958,1682,,,,,
2023-12-22,21778,1957,1682,,,,,
2023-12-21,21759,1957,1681,,,,,
2023-12-20,21756,1956,1679,,,,,
2023-12-19,21744,1954,1679,,,,,
2023-12-18,21731,1954,1679,,,,,
2023-12-17,21709,1954,1678,,,,,
2023-12-16,21690,1953,1678,,,,,
2023-12-15,21686,1952,1678,,,,,
2023-12-14,21673,1952,1678,,,,,
2023-12-13,21651,1953,1678,,,,,
2023-12-12,21636,1953,1677,,,,,
2023-12-11,21615,1953,1676,,,,,
2023-12-10,21583,1950,1675,,,,,
2023-12-09,21539,1951,1673,,,,,
2023-12-08,21495,1951,1672,,,,,
2023-12-07,21431,1951,1671,,,,,
2023-12-06,21379,1950,1670,,,,,
2023-12-05,21302,1949,1669,,,,,
2023-12-04,21265,1949,1668,,,,,
2023-12-03,21206,1949,1667,,,,,
2023-12-02,21141,1951,1667,,,,,
2023-12-01,21062,1951,1665,,,,,
2023-11-30,20967,1950,1664,,,,,
2023-11-29,20837,1949,1663,,,,,
2023-11-28,20553,1949,1658,,,,,
2023-11-27,20101,1948,1647,,,,,
2023-11-26,19848,1947,1640,,,,,
2023-11-25,19820,1946,1639,,,,,
2023-11-24,19814,1945,1638,,,,,
2023-11-23,19816,1945,1638,,,,,
2023-11-22,19811,1944,1638,,,,,
2023-11-21,19816,1942,1638,,,,,
2023-11-20,19811,1942,1635,,,,,
2023-11-19,19816,1942,1634,,,,,
2023-11-18,19813,1941,1633,,,,,
2023-11-17,19793,1878,1633,,,,,
2023-11-16,19791,1877,1633,,,,,
2023-11-15,19787,1876,1633,,,,,
2023-11-14,19786,1875,1633,,,,,
2023-11-13,19767,1874,1633,,,,,
2023-11-12,19761,1874,1632,,,,,
2023-11-11,19754,1874,1632,,,,,
2023-11-10,19740,1875,1632,,,,,
2023-11-09,19738,1876,1631,,,,,
2023-11-08,19734,1877,1631,,,,,
2023-11-07,19728,1877,1630,,,,,
2023-11-06,19717,1877,1630,,,,,
2023-11-05,19715,1876,1628,,,,,
2023-11-04,19703,1876,1628,,,,,
2023-11-03,19689,1877,1628,,,,,
2023-11-02,19676,1877,1626,,,,,
2023-11-01,19655,1876,1625,,,,,
2023-10-31,19630,1876,1625,,,,,
2023-10-30,19609,1875,1625,,,,,
2023-10-29,19584,1874,1625,,,,,
2023-10-28,19548,1874,1624,,,,,
2023-10-27,19508,1873,1623,,,,,
2023-10-26,19478,1871,1620,,,,,
2023-10-25,19465,1871,1620,,,,,
2023-10-24,19445,1870,1619,,,,,
2023-10-23,19424,1870,1617,,,,,
2023-10-22,19371,1757,1615,,,,,
2023-10-21,19356,1757,1614,,,,,
2023-10-20,19299,1758,1611,,,,,
2023-10-19,19275,1757,1610,,,,,
2023-10-18,19262,1759,1607,,,,,
2023-10-17,19219,1757,1606,,,,,
2023-10-16,19196,1756,1605,,,,,
2023-10-15,19151,1754,1602,,,,,
2023-10-13,19028,1753,1599,,,,,
2023-10-12,18966,1753,1597,,,,,
2023-10-11,18903,1753,1596,,,,,
2023-10-10,18849,1753,1594,,,,,
2023-10-09,18786,1750,1591,,,,,
2023-10-08,18760,1876,1589,,,,,
2023-10-07,18719,1874,1588,,,,,
2023-10-06,18666,1872,1587,,,,,
2023-10-05,18602,1870,1586,,,,,
2023-10-04,18537,1869,1582,,,,,
2023-10-03,18492,1871,1580,,,,,
2023-10-02,18425,2030,1578,,,,,
2023-10-01,18352,2031,1576,,,,,
2023-09-30,18275,2029,1573,,,,,
2023-09-29,18246,2029,1570,,,,,
2023-09-28,18149,2208,1566,,,,,
2023-09-27,18050,2208,1563,,,,,
2023-09-25,17867,2078,1561,,,,,
2023-09-24,17758,2075,1558,,,,,
2023-09-23,17647,2074,1556,,,,,
2023-09-22,17508,2073,1552,,,,,
2023-09-21,17454,2072,1551,,,,,
2023-09-20,17376,2070,1551,,,,,
2023-09-19,17305,2069,1550,,,,,
2023-09-18,17226,2067,1550,,,,,
2023-09-17,17137,2064,1550,,,,,
2023-09-16,17050,2060,1548,,,,,
2023-09-15,16981,2047,1547,,,,,
2023-09-14,16904,1914,1545,,,,,
2023-09-13,16782,2037,1544,,,,,
2023-09-12,16651,2035,1541,,,,,
2023-09-11,16450,2034,1535,,,,,
2023-09-10,16313,2034,1530,,,,,
2023-09-09,16192,2031,1529,,,,,
2023-09-08,16123,2032,1524,0.819%,129.0,3.0,2.326%,
2023-09-07,16090,2033,1523,0.82%,129,3,2.326%,
2023-09-06,16055,2031,1523,0.822%,129,3,2.326%,
2023-09-05,16011,2029,1521,0.824%,129,3,2.326%,
2023-09-03,15892,2026,1514,0.831%,129,3,2.326%,
2023-09-02,15855,2027,1513,0.833%,129,3,2.326%,
2023-09-01,15818,2027,1511,0.828%,128,3,2.344%,
2023-08-31,15799,2025,1510,0.829%,128,3,2.344%,
2023-08-30,15761,2016,1508,0.825%,127.1,3,2.36%,
2023-08-29,15731,2071,1506,0.826%,127,3,2.362%,
2023-08-28,15668,2070,1503,0.806%,123.3,3,2.433%,
2023-08-27,15605,2068,1503,0.746%,113.4,3,2.646%,
2023-08-26,15556,1915,1502,0.649%,97.9,3,3.064%,
2023-08-25,15445,1915,1498,,,,,
2023-08-23,15346,1913,1490,,,,,
2023-08-22,15247,1763,1487,,,,,
2023-08-21,15170,1763,1483,111.78%,16904.0,53.0,0.314%,
2023-08-20,15087,1763,1482,,,,,
2023-08-19,15005,1763,1475,,,,,
2023-08-18,14931,1764,1474,,,,,
2023-08-16,14761,1835,1462,,30.0,,,
2023-08-15,14743,1834,1462,,30,,,
2023-08-14,14722,1832,1460,,30,,,
2023-08-12,14705,1830,1460,,29.1,,,
2023-08-11,14687,1829,1460,,29,,,
2023-08-10,14670,1828,1458,,29,,,
2023-08-09,14642,1825,1456,,33,,,
2023-08-08,14597,1668,1455,,31.6,,,
2023-08-07,14578,1668,1455,,29.5,,,
2023-08-06,14561,1667,1450,,25.9,,,
2023-08-05,14541,1666,1450,,19.3,,,
2023-08-04,14504,1663,1446,,11.6,,,
2023-08-03,14478,1816,1444,,7.8,,,
2023-08-02,14440,1687,1438,,,,,
2023-08-01,14426,1679,1435,,,,,
2023-07-31,14382,1519,1433,,,,,
2023-07-30,14360,1518,1433,,,,,
2023-07-29,14334,1517,1432,,,,,
2023-07-28,14333,1517,1430,,,,,
2023-07-27,14330,1517,1429,,,,,
2023-07-26,14326,1517,1428,,,,,
2023-07-25,14324,1515,1427,,,,,
2023-07-24,14323,1514,1427,,,,,
2023-07-23,14314,1514,1427,,,,,
2023-07-22,14304,1512,1426,,,,,
2023-07-20,14255,1371,1424,,,,,
2023-07-19,14234,1371,1424,,,,,
2023-07-18,14221,1371,1424,,,,,
2023-07-17,14217,1516,1423,,,,,
2023-07-16,14210,1516,1423,,,,,
2023-07-15,14205,1516,1423,,,,,
2023-07-14,14204,1515,1421,,,,,
2023-07-13,14194,1515,1421,,,,,
2023-07-12,14187,1516,1421,,,,,
2023-07-11,14183,1517,1421,,,,,
2023-07-10,14175,1516,1419,,,,,
2023-07-09,14174,1517,1417,,,,,
2023-07-08,14173,1517,1416,,,,,
2023-07-07,14166,1517,1415,,,,,
2023-07-06,14162,1517,1415,,,,,
2023-07-05,14157,1516,1415,,,,,
2023-07-04,14156,1516,1415,,,,,
2023-07-03,14155,1515,1415,,,,,
2023-07-02,14153,1513,1415,,,,,
2023-07-01,14148,1514,1415,,,,,
2023-06-30,14136,1515,1415,,,,,
2023-06-29,14129,1513,1415,,,,,
2023-06-28,14127,1513,1414,,,,,
2023-06-27,14112,1513,1414,,,,,
2023-06-26,14094,1513,1414,,,,,
2023-06-25,14083,1511,1414,,,,,
2023-06-24,14074,1510,1412,,,,,
2023-06-23,14066,1508,1409,,,,,
2023-06-22,14047,1508,1408,,,,,
2023-06-21,14022,1503,1408,,,,,
2023-06-20,13937,1371,1405,,,,,
2023-06-19,13850,1257,1401,,,,,
2023-06-18,13790,1258,1398,,,,,
2023-06-17,13732,1258,1398,,,,,
2023-06-16,13684,1259,1398,,,,,
2023-06-15,13665,1259,1392,,,,,
2023-06-14,13648,1258,1390,,,,,
2023-06-13,13627,1257,1389,,,,,
2023-06-12,13596,1257,1387,,,,,
2023-06-11,13561,1258,1387,,,,,
2023-06-10,13546,1258,1382,,,,,
2023-06-09,13549,1258,1382,,,,,
2023-06-08,13550,1257,1382,,,,,
2023-06-07,13551,1255,1382,,,,,
2023-06-06,13549,1256,1382,,,,,
2023-06-05,13545,1257,1382,,,,,
2023-06-04,13541,1256,1382,,,,,
2023-06-03,13541,1254,1382,,,,,
2023-06-02,13535,1253,1382,,,,,
2023-06-01,13531,1253,1382,,,,,
2023-05-30,13522,1252,1381,,,,,
2023-05-29,13513,1253,1380,,,,,
2023-05-28,13513,1252,1380,,,,,
2023-05-27,13514,1252,1379,,,,,
2023-05-26,13510,1252,1379,,,,,
2023-05-25,13502,1252,1379,,,,,
2023-05-24,13484,1252,1379,,,,,
2023-05-23,13469,1252,1378,,,,,
2023-05-22,13455,1252,1378,,,,,
2023-05-21,13444,1251,1376,,,,,
2023-05-20,13436,1251,1375,,,,,
2023-05-19,13429,1251,1374,,,,,
2023-05-18,13422,1249,1373,,,,,
2023-05-17,13416,1248,1372,,,,,
2023-05-16,13410,1247,1371,,,,,
2023-05-14,13378,1249,1365,,,,,
2023-05-13,13370,1250,1364,,,,,
2023-05-12,13366,1249,1363,,,,,
2023-05-11,13357,1248,1363,,,,,
2023-05-10,13338,1242,1361,,,,,
2023-05-09,13296,1113,1359,,,,,
2023-05-08,13289,1113,1359,,,,,
2023-05-07,13271,1114,1359,,,,,
2023-05-06,13269,1113,1359,,,,,
2023-05-05,13260,1112,1359,,,,,
2023-05-04,13235,1051,1358,,,,,
2023-05-03,13213,1049,1357,,,,,
2023-05-02,13180,1049,1356,,,,,
2023-05-01,13175,1049,1354,,,,,
2023-04-30,13166,1049,1354,,,,,
2023-04-29,13160,1048,1354,,,,,
2023-04-28,13158,1048,1353,,,,,
2023-04-27,13157,1045,1353,,,,,
2023-04-26,13163,1045,1353,,,,,
2023-04-25,13163,1045,1353,,,,,
2023-04-24,13166,1044,1353,,,,,
2023-04-23,13164,1043,1353,,,,,
2023-04-22,13166,1043,1353,,,,,
2023-04-21,13163,1042,1353,,,,,
2023-04-20,13160,1041,1353,,,,,
2023-04-19,13159,1040,1353,,,,,
2023-04-18,13157,1040,1353,,,,,
2023-04-17,13154,1040,1352,,,,,
2023-04-16,13146,1041,1351,,,,,
2023-04-15,13151,1043,1350,,,,,
2023-04-14,13149,1045,1350,,,,,
2023-04-13,13134,1045,1350,,,,,
2023-04-12,13109,1045,1350,,,,,
2023-04-11,13094,1045,1350,,,,,
2023-04-10,13092,1046,1348,,,,,
2023-04-09,13089,1046,1348,,,,,
2023-04-08,13087,1045,1348,,,,,
2023-04-07,13082,1046,1348,,,,,
2023-04-06,13080,1045,1348,,,,,
2023-04-05,13075,1046,1348,,,,,
2023-04-04,13072,1047,1348,,,,,
2023-04-03,13065,1047,1348,,,,,
2023-04-02,13043,1047,1347,,,,,
2023-04-01,13025,1048,1345,,,,,
2023-03-31,13020,1047,1344,,,,,
2023-03-30,13009,1048,1342,,,,,
2023-03-29,12982,1046,1341,,,,,
2023-03-28,12927,1045,1341,,,,,
2023-03-27,12837,1045,1340,,,,,
2023-03-26,12719,1045,1340,,,,,
2023-03-25,12681,1044,1331,,,,,
2023-03-24,12668,1044,1331,,,,,
2023-03-23,12666,1043,1328,,,,,
2023-03-22,12663,1044,1328,,,,,
2023-03-21,12663,1043,1328,,,,,
2023-03-20,12658,1043,1328,,,,,
2023-03-19,12657,1044,1327,45.35%,5726.0,14.0,0.244%,
2023-03-18,12655,1044,1327,45.35%,5725,14,0.245%,
2023-03-17,12648,1045,1327,45.375%,5725,14,0.245%,
2023-03-16,12641,1045,1327,45.393%,5724.1,14,0.245%,
2023-03-15,12606,1048,1326,45.511%,5723.1,14,0.245%,
2023-03-14,12570,1048,1326,45.632%,5722,14,0.245%,
2023-03-13,12535,1048,1325,45.753%,5721.1,14,0.245%,
2023-03-12,12518,1049,1320,45.807%,5720.1,14,0.245%,
2023-03-11,12512,1048,1317,45.828%,5720,14,0.245%,
2023-03-10,12511,1047,1317,45.832%,5720,14,0.245%,
2023-03-09,12511,1048,1317,45.824%,5719.1,14,0.245%,
2023-03-08,12513,1046,1317,45.808%,5718,14,0.245%,
2023-03-07,12511,1046,1316,45.816%,5718,14,0.245%,
2023-03-06,12510,1045,1315,45.819%,5718,14,0.245%,
2023-03-05,12511,1046,1315,45.793%,5715.1,14,0.245%,
2023-03-04,12508,1046,1314,45.765%,5710.3,14,0.245%,
2023-03-03,12508,1045,1314,45.683%,5700,14,0.246%,
2023-03-02,12501,1045,1313,45.582%,5684.2,14,0.246%,
2023-03-01,12495,1045,1313,45.446%,5664.5,14,0.247%,
2023-02-28,12489,1046,1313,45.186%,5629.3,14,0.249%,
2023-02-27,12469,1045,1313,44.856%,5579.1,14,0.251%,
2023-02-26,12460,1045,1313,44.221%,5495.9,14,0.255%,
2023-02-25,12444,1046,1313,43.407%,5387.6,14,0.26%,
2023-02-24,12420,1046,1311,24.388%,3020.4,8.6,0.285%,
2023-02-23,12407,1046,1311,23.522%,2910.4,8,0.275%,
2023-02-22,12377,1041,1310,22.782%,2811.7,8,0.285%,
2023-02-21,12354,1042,1308,21.331%,2627.2,8,0.305%,
2023-02-20,12331,1041,1307,15.224%,1871,6.3,0.337%,
2023-02-19,12312,1040,1306,13.767%,1689,6,0.355%,
2023-02-18,12290,1038,1305,12.036%,1473.2,6,0.407%,
2023-02-17,12273,1039,1305,10.679%,1304.6,6,0.46%,
2023-02-15,12250,1038,1305,8.467%,1031.2,6,0.582%,
2023-02-14,12247,1038,1304,7.313%,889.3,6.3,0.708%,
2023-02-13,12241,1136,1303,6.763%,822.2,5.6,0.681%,
2023-02-12,12233,1135,1301,5.899%,716.6,5,0.698%,
2023-02-11,12231,1136,1298,5.273%,639.2,5.7,0.892%,
2023-02-10,12228,1136,1295,4.866%,588.9,6.1,1.036%,
2023-02-09,12225,1134,1290,5.674%,686.8,6.8,0.99%,
2023-02-08,12219,1133,1290,5.722%,692.4,6.8,0.982%,
2023-02-07,12221,1133,1288,6.044%,732.2,6.4,0.874%,
2023-02-06,12227,1133,1288,6.075%,736.4,6.4,0.869%,
2023-02-05,12227,1134,1288,6.059%,734.4,6.4,0.871%,
2023-02-04,12226,1133,1287,6.313%,765.3,6.5,0.849%,
2023-02-03,12228,1134,1286,6.583%,798.6,6.4,0.801%,
2023-02-02,12228,1134,1286,6.614%,802.3,6.4,0.798%,
2023-02-01,12227,1134,1286,6.613%,802.2,6.4,0.798%,
2023-01-31,12230,1133,1286,6.609%,801.9,6.4,0.798%,
2023-01-30,12230,1133,1286,6.609%,801.9,6.4,0.798%,
2023-01-29,12232,1133,1286,6.608%,801.9,6.4,0.798%,
2023-01-28,12228,1133,1285,6.373%,772.9,6.4,0.828%,
2023-01-27,12231,1132,1284,6.366%,772.3,6.3,0.816%,
2023-01-26,12230,1132,1284,6.365%,772.1,6.3,0.816%,
2023-01-25,12231,1132,1284,6.363%,771.9,6.3,0.816%,
2023-01-24,12232,1132,1284,6.36%,771.7,6.3,0.816%,
2023-01-23,12238,1131,1284,6.352%,771.1,6.3,0.817%,
2023-01-22,12240,1130,1283,6.341%,769.8,6.3,0.818%,
2023-01-21,12242,1130,1283,6.247%,758.5,6.3,0.831%,
2023-01-20,12246,1130,1281,6.385%,775.5,6.4,0.825%,
2023-01-19,12249,1130,1281,6.391%,776.4,6.4,0.824%,
2023-01-18,12250,1130,1280,6.383%,775.5,6.4,0.825%,
2023-01-17,12251,1129,1280,6.334%,769.6,6.4,0.832%,
2023-01-16,12254,1332,1279,6.662%,810.3,6.1,0.753%,
2023-01-15,12255,1546,1278,6.662%,810.3,6.1,0.753%,
2023-01-14,12254,1546,1278,6.659%,809.9,6.1,0.753%,
2023-01-13,12252,1546,1278,6.659%,809.8,6.1,0.753%,
2023-01-12,12250,1548,1278,6.66%,809.8,6.1,0.753%,
2023-01-11,12250,1787,1278,6.659%,809.6,6.1,0.753%,
2023-01-10,12250,1787,1277,6.659%,809.6,6.1,0.753%,
2023-01-09,12251,1943,1277,6.657%,809.5,6.1,0.754%,
2023-01-08,12249,2146,1276,6.654%,808.9,6.1,0.754%,
2023-01-07,12245,2346,1276,6.642%,807.2,6.1,0.756%,
2023-01-06,12226,2345,1275,6.631%,804.7,6,0.746%,
2023-01-05,12221,2344,1275,6.583%,798.6,5.9,0.739%,
2023-01-04,12224,2343,1274,6.859%,832.7,5.8,0.697%,
2023-01-03,12226,2344,1273,6.988%,848.9,5.5,0.648%,
2023-01-02,12227,2543,1273,6.953%,844.8,5.4,0.639%,
2023-01-01,12229,2544,1272,7.991%,971.1,6.1,0.628%,
2022-12-31,12230,2543,1272,7.993%,971.4,6.1,0.628%,
2022-12-30,12234,2543,1272,7.99%,971.4,6.1,0.628%,
2022-12-29,12235,2544,1272,7.989%,971.4,6.1,0.628%,
2022-12-28,12237,2543,1271,7.984%,970.9,6.1,0.628%,
2022-12-26,12234,2545,1271,7.983%,970.6,6.1,0.628%,
2022-12-25,12234,2544,1271,7.98%,970.2,6.1,0.629%,
2022-12-24,12231,2546,1271,7.982%,970.2,6.1,0.629%,
2022-12-23,12239,2547,1271,7.977%,970.2,6.1,0.629%,
2022-12-22,12238,2548,1271,7.978%,970.2,6.1,0.629%,
2022-12-21,12239,2548,1271,7.976%,970.1,6.1,0.629%,
2022-12-19,12239,2547,1271,7.975%,969.9,6.1,0.629%,
2022-12-18,12241,2548,1271,7.973%,969.9,6.1,0.629%,
2022-12-15,12243,2548,1271,7.967%,969.4,6,0.619%,
2022-12-14,12244,2548,1271,7.95%,967.4,6,0.62%,
2022-12-13,12246,2547,1271,7.927%,964.7,6,0.622%,
2022-12-12,12249,2545,1270,8.31%,1011.9,6,0.593%,
2022-12-10,12255,2545,1270,8.322%,1013.9,5.9,0.582%,
2022-12-09,12259,2546,1269,8.862%,1080.5,5.9,0.546%,
2022-12-08,12262,2547,1269,8.894%,1084.7,5.9,0.544%,
2022-12-07,12265,2547,1269,8.89%,1084.4,5.9,0.544%,
2022-12-06,12268,2547,1269,8.887%,1084.3,5.9,0.544%,
2022-12-05,12267,2547,1269,8.884%,1083.9,5.9,0.544%,
2022-12-04,12268,2544,1269,8.878%,1083.2,5.9,0.545%,
2022-12-03,12267,2545,1269,8.874%,1082.7,5.9,0.545%,
2022-12-02,12270,2545,1269,8.869%,1082.3,5.9,0.545%,
2022-12-01,12270,2548,1269,8.858%,1081,5.9,0.546%,
2022-11-30,12269,2546,1269,8.852%,1080.2,5.9,0.546%,
2022-11-29,12267,2546,1269,8.833%,1077.7,5.9,0.547%,
2022-11-28,12268,2547,1269,8.805%,1074.3,5.9,0.549%,
2022-11-27,12270,2546,1269,8.77%,1070.2,5.9,0.551%,
2022-11-26,12274,2545,1269,8.709%,1063.1,5.9,0.555%,
2022-11-25,12273,2546,1269,8.647%,1055.4,5.9,0.559%,
2022-11-24,12273,2545,1269,8.56%,1044.7,5.9,0.565%,
2022-11-23,12272,2546,1268,8.662%,1057.2,5.8,0.549%,
2022-11-22,12272,2546,1268,8.613%,1051.2,5.8,0.552%,
2022-11-21,12274,2546,1268,8.546%,1043.1,5.8,0.556%,
2022-11-20,12274,2546,1268,8.466%,1033.3,5.8,0.561%,
2022-11-19,12275,2547,1268,8.379%,1022.7,5.8,0.567%,
2022-11-18,12269,2547,1268,8.301%,1012.6,5.8,0.573%,
2022-11-17,12266,2545,1268,8.227%,1003.3,5.8,0.578%,
2022-11-16,12247,2542,1268,8.161%,993.8,5.7,0.574%,
2022-11-15,12245,2541,1268,8.028%,977.3,5.7,0.583%,
2022-11-14,12243,2541,1266,8.473%,1031.1,6.3,0.611%,
2022-11-13,12241,2538,1265,8.358%,1016.7,6.4,0.629%,
2022-11-12,12238,2540,1264,8.6%,1046,6.5,0.621%,
2022-11-10,12233,2544,1264,8.417%,1023.2,6.4,0.625%,
2022-11-09,12231,2544,1263,7.954%,966.7,6.2,0.641%,
2022-11-08,12224,2551,1262,7.085%,860.7,5.4,0.627%,
2022-11-07,12182,2551,1251,6.115%,738,6.9,0.935%,
2022-11-06,12170,2422,1249,5.287%,636.9,6.5,1.021%,
2022-11-05,12147,2421,1246,6.072%,728.8,8.8,1.207%,
2022-11-04,12147,2420,1246,6.123%,734.8,9,1.225%,
2022-11-03,12148,2422,1246,5.831%,699.8,8.6,1.229%,
2022-11-02,12148,2348,1245,5.584%,670.3,8.1,1.208%,
2022-11-01,12136,2348,1244,5.881%,704.8,8.9,1.263%,
2022-10-31,12140,2348,1244,5.9%,707.3,9,1.272%,
2022-10-30,12143,2346,1244,5.902%,707.7,9,1.272%,
2022-10-29,12145,2346,1244,5.901%,707.7,9,1.272%,
2022-10-28,12146,2346,1244,5.901%,707.7,9,1.272%,
2022-10-27,12149,2345,1244,5.899%,707.7,9,1.272%,
2022-10-26,12150,2344,1244,5.899%,707.7,9,1.272%,
2022-10-25,12153,2344,1243,5.897%,707.7,9,1.272%,
2022-10-24,12153,2345,1243,5.897%,707.7,9,1.272%,
2022-10-23,12152,2343,1243,5.89%,706.7,9,1.274%,
2022-10-22,12158,2342,1243,5.887%,706.7,9,1.274%,
2022-10-21,12159,2341,1243,5.886%,706.7,9,1.274%,
2022-10-20,12164,2339,1243,5.884%,706.7,9,1.274%,
2022-10-19,12159,2342,1243,5.886%,706.7,9,1.274%,
2022-10-18,12161,2344,1243,5.885%,706.7,9,1.274%,
2022-10-17,12162,2344,1243,5.885%,706.7,9,1.274%,
2022-10-16,12163,2344,1243,5.884%,706.7,9,1.274%,
2022-10-15,12163,2345,1243,5.884%,706.7,9,1.274%,
2022-10-14,12161,2346,1243,5.885%,706.7,9,1.274%,
2022-10-13,12162,2345,1243,5.885%,706.7,9,1.274%,
2022-10-12,12159,2344,1243,5.886%,706.7,9,1.274%,
2022-10-11,12161,2344,1243,5.882%,706.3,9,1.274%,
2022-10-10,12161,2344,1243,5.882%,706.3,9,1.274%,
2022-10-09,12160,2342,1243,5.882%,706.3,9,1.274%,
2022-10-08,12164,2342,1243,5.88%,706.3,9,1.274%,
2022-10-07,12163,2343,1243,5.881%,706.3,9,1.274%,
2022-10-06,12164,2343,1243,5.88%,706.3,9,1.274%,
2022-10-04,12171,2342,1243,5.877%,706.3,9,1.274%,
2022-10-03,12171,2341,1243,5.877%,706.3,9,1.274%,
2022-10-02,12178,2342,1243,5.874%,706.3,9,1.274%,
2022-10-01,12179,2342,1243,5.873%,706.3,9,1.274%,
2022-09-30,12176,2341,1243,5.875%,706.3,9,1.274%,
2022-09-29,12177,2341,1243,5.874%,706.3,9,1.274%,
2022-09-28,12180,2339,1243,5.873%,706.3,9,1.274%,
2022-09-27,12183,2338,1243,5.871%,706.3,9,1.274%,
2022-09-26,12186,2336,1243,5.87%,706.3,9,1.274%,
2022-09-25,12185,2335,1243,5.87%,706.3,9,1.274%,
2022-09-24,12186,2335,1243,5.87%,706.3,9,1.274%,
2022-09-23,12188,2335,1243,5.869%,706.3,9,1.274%,
2022-09-22,12188,2335,1243,5.864%,705.7,9,1.275%,
2022-09-21,12189,2336,1243,5.863%,705.7,9,1.275%,
2022-09-20,12191,2335,1243,5.863%,705.7,9,1.275%,
2022-09-19,12193,2335,1243,5.862%,705.7,9,1.275%,
2022-09-18,12195,2335,1243,5.861%,705.7,9,1.275%,
2022-09-17,12195,2335,1243,5.861%,705.7,9,1.275%,
2022-09-16,12197,2334,1243,5.854%,705,9,1.277%,
2022-09-15,12197,2333,1243,5.851%,704.7,9,1.277%,
2022-09-14,12200,2332,1243,5.85%,704.7,9,1.277%,
2022-09-13,12200,2333,1243,5.847%,704.3,9,1.278%,
2022-09-12,12208,2331,1243,5.843%,704.3,9,1.278%,
2022-09-11,12209,2331,1243,5.84%,704,9,1.278%,
2022-09-10,12214,2331,1243,5.835%,703.7,9,1.279%,
2022-09-09,12217,2332,1243,5.834%,703.7,9,1.279%,
2022-09-08,12219,2334,1243,5.825%,702.7,9,1.281%,
2022-09-07,12218,2334,1243,5.774%,696.5,9,1.292%,
2022-09-06,12216,2339,1242,5.547%,668.9,8.7,1.301%,
2022-09-05,12212,2338,1241,5.074%,611.1,8.5,1.391%,
2022-09-04,12208,2333,1241,5.05%,608,8.5,1.398%,
2022-09-03,12214,2332,1241,5.047%,608,8.5,1.398%,
2022-09-02,12216,2331,1241,5.015%,604.1,8.5,1.407%,
2022-09-01,12215,2329,1241,4.958%,597.1,8.5,1.424%,
2022-08-31,12219,2328,1241,4.67%,562.1,8.5,1.512%,
2022-08-30,12221,2327,1240,4.982%,599.8,9,1.501%,
2022-08-29,12222,2327,1238,5.007%,603,9,1.493%,
2022-08-28,12223,2325,1237,5.007%,603,9,1.493%,
2022-08-27,12226,2324,1237,5.006%,603,9,1.493%,
2022-08-26,12227,2325,1237,4.998%,602.1,9,1.495%,
2022-08-25,12226,2324,1237,4.981%,600,9,1.5%,
2022-08-24,12224,2320,1237,4.982%,600,9,1.5%,
2022-08-23,12226,2322,1237,4.981%,600,9,1.5%,
2022-08-22,12223,2324,1236,4.974%,599,9,1.503%,
2022-08-21,12227,2325,1236,4.964%,598,9,1.505%,
2022-08-20,12227,2323,1236,4.941%,596.1,8,1.342%,
2022-08-19,12225,2322,1236,4.925%,594.1,8,1.347%,
2022-08-18,12220,2324,1236,4.864%,586.4,8,1.364%,
2022-08-17,12222,2323,1235,4.605%,554.8,8,1.442%,
2022-08-16,12227,2323,1235,3.877%,467.9,6.2,1.325%,
2022-08-15,12229,2325,1234,,,,,
2022-08-14,12229,2325,1234,,,,,
2022-08-13,12233,2325,1234,,,,,
2022-08-12,12229,2324,1234,,,,,
2022-08-11,12235,2322,1234,,,,,
2022-08-10,12238,2320,1233,,,,,
2022-08-09,12241,2321,1233,,,,,
2022-08-08,12241,2319,1233,,,,,
2022-08-07,12242,2317,1233,,,,,
2022-08-06,12241,2318,1233,,,,,
2022-08-05,12241,2319,1233,,,,,
2022-08-04,12236,2318,1233,,,,,
2022-08-03,12220,2320,1233,,,,,
2022-08-02,12213,2319,1233,,,,,
2022-08-01,12203,2318,1233,,,,,
2022-07-31,12192,2318,1233,,,,,
2022-07-30,12189,2315,1233,,,,,
2022-07-29,12194,2313,1233,,,,,
2022-07-28,12188,2312,1233,,,,,
2022-07-27,12177,2311,1233,,,,,
2022-07-26,12173,2307,1233,,,,,
2022-07-25,12173,2306,1232,5.06%,612.0,4.0,0.654%,
2022-07-24,12170,2297,1232,5.062%,612,4,0.654%,
2022-07-23,12134,2134,1232,5.077%,612,4,0.654%,
2022-07-22,12130,2129,1231,5.078%,612,4,0.654%,
2022-07-21,12095,2118,1230,5.093%,612,4,0.654%,
2022-07-20,12051,1984,1230,5.112%,612,4,0.654%,
2022-07-19,12033,1967,1230,5.119%,612,4,0.654%,
2022-07-18,12011,1845,1230,5.12%,611,4,0.655%,
2022-07-17,12012,1845,1230,5.12%,611,4,0.655%,
2022-07-16,12011,1845,1230,5.12%,611,4,0.655%,
2022-07-15,12012,1844,1228,4.081%,487.6,2.6,0.533%,
2022-07-14,12011,1844,1228,4.042%,483,2.5,0.518%,
2022-07-13,12001,1840,1227,4.045%,483,2.5,0.518%,
2022-07-12,11933,1842,1227,4.064%,482.5,2.5,0.518%,
2022-07-11,11909,1692,1226,4.068%,482,2.5,0.519%,
2022-07-10,11912,1691,1225,4.067%,482,2.5,0.519%,
2022-07-09,11904,1689,1224,4.07%,482,2.5,0.519%,
2022-07-08,11904,1689,1224,4.07%,482,2.5,0.519%,
2022-07-07,11905,1687,1224,4.07%,482,2.5,0.519%,
2022-07-06,11901,1687,1224,4.071%,482,2.5,0.519%,
2022-07-05,11905,1687,1224,4.07%,482,2.5,0.519%,
2022-07-04,11902,1688,1223,4.071%,482,2.5,0.519%,
2022-07-03,11903,1687,1223,4.07%,482,2.5,0.519%,
2022-07-02,11903,1687,1223,4.07%,482,2.5,0.519%,
2022-07-01,11904,1688,1223,4.07%,482,2.5,0.519%,
2022-06-30,11902,1688,1223,4.071%,482,2.5,0.519%,
2022-06-29,11904,1688,1223,4.07%,482,2.5,0.519%,
2022-06-28,11909,1688,1222,4.068%,482,2.5,0.519%,
2022-06-27,11907,1687,1221,4.065%,481.5,2.5,0.519%,
2022-06-26,11910,1688,1219,4.064%,481.5,2.5,0.519%,
2022-06-25,11912,1688,1218,4.063%,481.5,2.5,0.519%,
2022-06-24,11920,1687,1218,4.06%,481.5,2.5,0.519%,
2022-06-23,11917,1686,1218,4.061%,481.5,2.5,0.519%,
2022-06-22,11918,1688,1217,4.061%,481.5,2.5,0.519%,
2022-06-21,11919,1688,1217,4.061%,481.5,2.5,0.519%,
2022-06-20,11913,1686,1217,4.063%,481.5,2.5,0.519%,
2022-06-19,11915,1686,1217,4.062%,481.5,2.5,0.519%,
2022-06-18,11915,1684,1217,4.062%,481.5,2.5,0.519%,
2022-06-17,11915,1682,1217,4.062%,481.5,2.5,0.519%,
2022-06-16,11917,1682,1217,4.061%,481.5,2.5,0.519%,
2022-06-15,11921,1684,1217,4.06%,481.5,2.5,0.519%,
2022-06-14,11924,1686,1217,4.059%,481.5,2.5,0.519%,
2022-06-13,11929,1686,1216,4.057%,481.5,2.5,0.519%,
2022-06-12,11932,1685,1216,4.056%,481.5,2.5,0.519%,
2022-06-11,11929,1685,1216,4.057%,481.5,2.5,0.519%,
2022-06-10,11928,1686,1216,4.058%,481.5,2.5,0.519%,
2022-06-09,11935,1686,1216,4.055%,481.5,2.5,0.519%,
2022-06-08,11936,1685,1216,4.051%,481,2.5,0.52%,
2022-06-07,11937,1686,1216,4.05%,481,2.5,0.52%,
2022-06-06,11934,1688,1215,4.044%,480.1,2.5,0.521%,
2022-06-05,11928,1687,1213,4.045%,480,2.5,0.521%,
2022-06-04,11891,1687,1213,4.053%,479.5,2.5,0.521%,
2022-06-03,11885,1685,1212,4.018%,475,2.5,0.526%,
2022-06-02,11886,1685,1212,3.909%,462.1,2.5,0.541%,
2022-06-01,11871,1684,1211,3.862%,455.9,2.5,0.548%,
2022-05-31,11867,1685,1210,3.795%,447.8,2.5,0.558%,
2022-05-29,11860,1685,1210,3.493%,411.8,2.5,0.607%,
2022-05-28,11850,1685,1208,2.567%,302.6,1.6,0.529%,
2022-05-27,11844,1684,1207,2.969%,350.6,1,0.285%,
2022-05-26,11857,1686,1207,2.977%,352,1,0.284%,
2022-05-25,11865,1683,1206,2.71%,318.7,2.9,0.91%,
2022-05-24,11853,1683,1205,2.696%,316.5,3,0.948%,
2022-05-23,11852,1685,1205,2.672%,313.7,3,0.956%,
2022-05-22,11856,1686,1204,2.567%,301.4,3,0.995%,
2022-05-21,11857,1685,1203,2.441%,284.6,4.8,1.687%,
2022-05-20,11861,1686,1201,2.428%,284.9,3.1,1.088%,
2022-05-18,11868,1680,1200,3.923%,460,5.6,1.217%,
2022-05-17,11862,1680,1199,3.837%,450.1,5.1,1.133%,
2022-05-16,11868,1678,1198,3.477%,408.1,4.6,1.127%,
2022-05-15,11870,1675,1196,3.224%,378,4.7,1.243%,
2022-05-14,11870,1675,1193,3.506%,409.9,6.3,1.537%,
2022-05-13,11871,1674,1192,3.352%,391.6,6.3,1.609%,
2022-05-12,11871,1673,1190,3.644%,426.4,6.2,1.454%,
2022-05-11,11856,1673,1188,3.612%,422.3,5.9,1.397%,
2022-05-10,11851,1671,1186,3.95%,462.2,5.9,1.277%,
2022-05-09,11857,1670,1184,3.953%,462.8,5.9,1.275%,
2022-05-08,11853,1667,1182,3.918%,458.6,5.8,1.265%,
2022-05-07,11855,1658,1181,4.04%,472.8,6.2,1.311%,
2022-05-06,11839,1596,1177,4.046%,472.8,6.2,1.311%,
2022-05-05,11831,1598,1177,4.043%,472.1,6.2,1.313%,
2022-05-04,11840,1596,1177,4.028%,470.7,6.2,1.317%,
2022-05-03,11846,1596,1177,3.997%,467.3,6.2,1.327%,
2022-05-02,11848,1596,1176,3.91%,457.4,5.9,1.29%,
2022-05-01,11851,1594,1175,3.706%,433.7,5.5,1.268%,
2022-04-30,11849,1592,1172,3.955%,463,5.6,1.21%,
2022-04-29,11848,1591,1171,4.013%,470.2,5.3,1.127%,
2022-04-28,11851,1591,1171,3.995%,468.1,5.3,1.132%,
2022-04-27,11854,1593,1170,3.968%,465.5,4.9,1.053%,
2022-04-26,11858,1592,1170,3.934%,461.7,4.8,1.04%,
2022-04-25,11852,1593,1169,3.908%,459.2,4,0.871%,
2022-04-24,11858,1587,1168,3.739%,440,3.4,0.773%,
2022-04-23,11859,1587,1168,3.725%,438.3,3.4,0.776%,
2022-04-22,11855,1588,1168,3.725%,438.2,3.4,0.776%,
2022-04-21,11858,1588,1168,3.723%,438.1,3.4,0.776%,
2022-04-20,11857,1586,1168,3.72%,437.7,3.4,0.777%,
2022-04-19,11858,1586,1168,3.718%,437.5,3.4,0.777%,
2022-04-18,11857,1584,1168,3.713%,436.8,3.4,0.778%,
2022-04-17,11860,1583,1168,3.696%,435,3.4,0.782%,
2022-04-16,11860,1583,1168,3.662%,430.9,3.4,0.789%,
2022-04-15,11858,1584,1168,3.62%,426,3.3,0.775%,
2022-04-14,11858,1583,1168,3.576%,421.1,3,0.712%,
2022-04-13,11856,1583,1167,3.58%,421.6,2.8,0.664%,
2022-04-12,11858,1581,1167,3.55%,418.4,2.6,0.621%,
2022-04-11,11868,1581,1166,3.52%,415.3,2.5,0.602%,
2022-04-10,11866,1581,1166,3.512%,414.2,2.5,0.604%,
2022-04-08,11835,1441,1166,3.476%,408.9,2.5,0.611%,
2022-04-07,11830,1441,1165,3.68%,432.7,2.6,0.601%,
2022-04-06,11814,1296,1165,3.592%,421.7,2.6,0.617%,
2022-04-05,11812,1295,1163,3.774%,443.5,2.3,0.519%,
2022-04-03,11811,1294,1160,3.562%,418.4,2.3,0.55%,
2022-04-02,11814,1295,1160,3.536%,415.4,2.3,0.554%,
2022-04-01,11820,1294,1160,3.495%,410.8,2.3,0.56%,
2022-03-31,11817,1294,1159,3.605%,423.1,2.9,0.685%,
2022-03-30,11818,1294,1159,3.574%,419.6,2.8,0.667%,
2022-03-29,11818,1291,1158,3.842%,451.3,2.8,0.62%,
2022-03-28,11820,1291,1158,3.862%,453.7,2.8,0.617%,
2022-03-27,11826,1290,1158,3.849%,452.4,2.8,0.619%,
2022-03-26,11836,1290,1158,3.816%,449,2.7,0.601%,
2022-03-25,11837,1290,1158,3.786%,445.4,2.7,0.606%,
2022-03-24,11839,1289,1158,3.705%,436,2.6,0.596%,
2022-03-23,11839,1289,1157,3.789%,445.8,2.8,0.628%,
2022-03-22,11834,1289,1157,3.767%,443,2.8,0.632%,
2022-03-21,11832,1289,1157,3.712%,436.4,2.8,0.642%,
2022-03-20,11827,1289,1157,3.61%,424.2,2.8,0.66%,
2022-03-19,11827,1289,1154,4.271%,500.8,4.3,0.859%,
2022-03-18,11828,1290,1151,4.926%,577.7,4.9,0.848%,
2022-03-17,11829,1289,1151,4.965%,582.3,5,0.859%,
2022-03-16,11821,1289,1151,4.945%,579.5,5,0.863%,
2022-03-15,11820,1291,1151,4.912%,575.7,4.9,0.851%,
2022-03-14,11819,1290,1151,4.825%,565.4,4.9,0.867%,
2022-03-13,11816,1291,1150,5.113%,598.9,5.2,0.868%,
2022-03-12,11818,1290,1149,5.128%,600.9,5.1,0.849%,
2022-03-11,11822,1292,1148,5.367%,629.1,5.4,0.858%,
2022-03-10,11823,1292,1148,5.324%,624,5.4,0.865%,
2022-03-09,11822,1291,1147,5.331%,624.8,5.4,0.864%,
2022-03-08,11820,1291,1147,5.308%,622,5.4,0.868%,
2022-03-07,11821,1291,1147,5.259%,616.3,5.4,0.876%,
2022-03-06,11819,1292,1146,5.219%,612,4.8,0.784%,
2022-03-05,11819,1291,1145,5.332%,625.3,4.9,0.784%,
2022-03-04,11814,1290,1145,5.301%,621.4,4.9,0.789%,
2022-03-03,11810,1290,1144,5.276%,618.5,4.6,0.744%,
2022-03-02,11817,1291,1143,5.319%,624.4,4.2,0.673%,
2022-03-01,11817,1291,1143,5.11%,599.7,4.1,0.684%,
2022-02-28,11818,1291,1142,5.376%,630.9,4.4,0.697%,
2022-02-27,11815,1289,1141,5.384%,631.8,4.3,0.681%,
2022-02-26,11811,1288,1141,5.353%,628,4.3,0.685%,
2022-02-25,11811,1288,1141,5.265%,617.6,4.3,0.696%,
2022-02-24,11812,1289,1140,5.388%,632,4.4,0.696%,
2022-02-23,11809,1289,1140,5.328%,624.8,4.4,0.704%,
2022-02-22,11803,1292,1140,5.203%,609.8,4.3,0.705%,
2022-02-21,11799,1290,1139,5.109%,599.2,3.6,0.601%,
2022-02-20,11799,1290,1138,5.112%,599.9,3.3,0.55%,
2022-02-19,11794,1289,1138,4.993%,585.8,3.1,0.529%,
2022-02-18,11784,1427,1138,4.825%,565.5,3.1,0.548%,
2022-02-17,11780,1427,1137,4.795%,561.7,3.2,0.57%,
2022-02-16,11777,1426,1136,4.683%,548.6,2.9,0.529%,
2022-02-15,11777,1425,1135,4.536%,531.4,2.8,0.527%,
2022-02-14,11776,1430,1134,4.622%,540.9,3.4,0.629%,
2022-02-13,11774,1429,1132,4.661%,545.4,3.4,0.623%,
2022-02-12,11775,1426,1132,4.554%,532.8,3.4,0.638%,
2022-02-11,11772,1426,1130,4.873%,569.4,4.3,0.755%,
2022-02-10,11770,1426,1129,4.898%,571.4,5.1,0.893%,
2022-02-09,11769,1426,1128,5.215%,607.9,5.8,0.954%,
2022-02-08,11767,1424,1126,5.894%,687.7,5.8,0.843%,
2022-02-07,11762,1420,1126,5.931%,691.8,5.8,0.838%,
2022-02-06,11767,1417,1126,5.871%,685,5.8,0.847%,
2022-02-05,11767,1417,1124,6.171%,719.8,6.3,0.875%,
2022-02-04,11766,1411,1123,7.71%,899.8,7.3,0.811%,
2022-02-03,11745,1266,1122,8.125%,946.6,7.7,0.813%,
2022-02-02,11745,1265,1121,8.74%,1018.4,8.1,0.795%,
2022-02-01,11745,1265,1120,8.691%,1012.3,8.4,0.83%,
2022-01-31,11740,1260,1119,9.319%,1085.3,8.8,0.811%,
2022-01-30,11720,1123,1119,9.326%,1084.2,8.8,0.812%,
2022-01-29,11719,1123,1118,9.282%,1079,8.8,0.816%,
2022-01-28,11724,1122,1118,9.243%,1074.9,8.8,0.819%,
2022-01-27,11728,1122,1118,9.056%,1053.3,8.8,0.835%,
2022-01-26,11730,1122,1117,9.408%,1093.9,9.7,0.887%,
2022-01-25,11732,1123,1117,9.382%,1091.3,9.4,0.861%,
2022-01-24,11733,1123,1116,9.489%,1103.8,9.5,0.861%,
2022-01-23,11733,1121,1116,9.442%,1098.3,9.5,0.865%,
2022-01-22,11731,1121,1115,9.699%,1127,10.8,0.958%,
2022-01-21,11735,1121,1115,9.704%,1128,10.8,0.957%,
2022-01-20,11736,1122,1115,9.688%,1126.3,10.7,0.95%,
2022-01-19,11733,1123,1115,9.679%,1124.9,10.7,0.951%,
2022-01-18,11739,1120,1115,9.658%,1123.1,10.7,0.953%,
2022-01-17,11739,1122,1115,9.64%,1121,10.6,0.946%,
2022-01-16,11745,1122,1115,9.605%,1117.5,10.6,0.949%,
2022-01-15,11746,1122,1115,9.51%,1106.6,10.4,0.94%,
2022-01-14,11750,1122,1114,10.015%,1166.7,10.1,0.866%,
2022-01-13,11753,1122,1114,10.001%,1165.3,10.1,0.867%,
2022-01-12,11755,1122,1114,9.991%,1164.4,10.1,0.867%,
2022-01-11,11759,1123,1114,9.984%,1163.9,10.1,0.868%,
2022-01-10,11754,1124,1114,9.984%,1163.4,10.1,0.868%,
2022-01-09,11757,1123,1114,9.977%,1162.9,10.1,0.869%,
2022-01-08,11760,1123,1114,9.964%,1161.7,10.1,0.869%,
2022-01-07,11765,1122,1114,9.936%,1158.9,10.1,0.872%,
2022-01-06,11768,1120,1114,9.905%,1155.5,10.1,0.874%,
2022-01-05,11768,1120,1114,9.852%,1149.4,10,0.87%,
2022-01-04,11770,1121,1114,9.79%,1142.3,10,0.875%,
2022-01-03,11767,1121,1114,9.685%,1129.8,9.8,0.867%,
2022-01-02,11763,1120,1114,9.417%,1098.2,9.5,0.865%,
2022-01-01,11745,1104,1113,9.479%,1102.3,11,0.998%,
2021-12-31,11736,1055,1112,9.434%,1095.6,11.6,1.059%,
2021-12-30,11739,1055,1111,9.722%,1129.1,12.2,1.081%,
2021-12-29,11733,1055,1111,9.593%,1113.3,12.2,1.096%,
2021-12-28,11725,1056,1111,9.198%,1066.5,12,1.125%,
2021-12-27,11721,1056,1110,9.35%,1083.5,12.4,1.144%,
2021-12-26,11708,1056,1109,9.273%,1073.5,12.2,1.136%,
2021-12-25,11703,1056,1108,9.177%,1062.1,11.9,1.12%,
2021-12-24,11696,1057,1108,8.463%,978,11.8,1.207%,
2021-12-23,11686,1056,1108,7.949%,917.4,11.5,1.254%,
2021-12-22,11681,1057,1107,7.993%,922.3,11.4,1.236%,
2021-12-21,11681,1055,1106,8.889%,1026.7,11.6,1.13%,
2021-12-20,11682,1054,1105,9.243%,1067.7,12.1,1.133%,
2021-12-19,11684,1054,1105,9.19%,1061.6,12.2,1.149%,
2021-12-18,11682,1054,1105,9.049%,1045.1,12,1.148%,
2021-12-17,11684,1053,1104,9.566%,1106.1,11.6,1.049%,
2021-12-16,11682,1052,1104,9.414%,1088.3,11.4,1.048%,
2021-12-15,11678,1051,1104,9.178%,1060.5,11.3,1.066%,
2021-12-14,11672,1052,1103,8.765%,1012.1,10.9,1.077%,
2021-12-13,11671,1052,1103,8.555%,987.7,10.8,1.093%,
2021-12-12,11671,1052,1102,8.468%,978,10.3,1.053%,
2021-12-11,11670,1052,1101,8.778%,1014.5,9.9,0.976%,
2021-12-10,11663,1052,1101,8.503%,981.9,9.8,0.998%,
2021-12-09,11662,1203,1100,8.242%,952.4,8.8,0.924%,
2021-12-08,11655,1202,1098,8.869%,1025.9,7.8,0.76%,
2021-12-07,11652,1203,1096,9.398%,1089.3,5.8,0.532%,
2021-12-06,11637,1202,1096,8.828%,1021.9,5.4,0.528%,
2021-12-05,11630,1200,1095,8.982%,1038.9,5.7,0.549%,
2021-12-04,11628,1200,1093,8.904%,1029.5,5.8,0.563%,
2021-12-03,11617,1200,1092,8.593%,992.6,5.6,0.564%,
2021-12-02,11603,1198,1091,7.971%,920.1,4.8,0.522%,
2021-12-01,11599,1198,1090,7.851%,905.8,4.8,0.53%,
2021-11-30,11593,1195,1089,7.525%,868.1,4.3,0.495%,
2021-11-29,11595,1193,1088,7.374%,850.6,4.4,0.517%,
2021-11-28,11597,1193,1088,7.265%,838.1,4.4,0.525%,
2021-11-27,11600,1193,1087,7.213%,831.2,5.5,0.662%,
2021-11-26,11600,1193,1087,6.934%,798.7,5.6,0.701%,
2021-11-25,11598,1192,1086,6.649%,765.8,5.4,0.705%,
2021-11-23,11578,1190,1083,5.735%,658.2,5.8,0.881%,
2021-11-22,11551,1190,1081,5.315%,608,5.9,0.97%,
2021-11-21,11548,1190,1081,5.162%,590.3,5.8,0.983%,
2021-11-20,11546,1190,1081,4.956%,566.5,5.7,1.006%,
2021-11-19,11537,1191,1080,4.656%,531.5,5.7,1.072%,
2021-11-18,11529,1192,1079,4.28%,488.2,5.2,1.065%,
2021-11-17,11529,1192,1079,4.163%,474.7,5.2,1.095%,
2021-11-16,11516,1192,1078,4.367%,497.2,5.7,1.146%,
2021-11-15,11517,1193,1077,4.16%,473.9,5.2,1.097%,
2021-11-14,11509,1193,1074,4.525%,515.4,5.4,1.048%,
2021-11-13,11508,1193,1073,4.991%,568.4,6,1.056%,
2021-11-12,11510,1192,1073,4.997%,569.3,5.9,1.036%,
2021-11-11,11509,1192,1073,4.797%,546.6,5.5,1.006%,
2021-11-10,11512,1192,1071,5.751%,657.2,4.9,0.746%,
2021-11-09,11514,1192,1071,5.747%,656.8,4.9,0.746%,
2021-11-08,11513,1192,1070,5.966%,681.8,5.1,0.748%,
2021-11-07,11510,1190,1070,5.782%,660.4,5.1,0.772%,
2021-11-06,11514,1189,1068,6.212%,710.1,5.1,0.718%,
2021-11-05,11516,1189,1068,6.204%,709.3,5.1,0.719%,
2021-11-04,11508,1189,1067,6.142%,701.7,5.1,0.727%,
2021-11-03,11507,1189,1066,6.149%,702.5,5.1,0.726%,
2021-11-02,11507,1188,1066,6.051%,691.4,4.9,0.709%,
2021-11-01,11501,1189,1065,6.183%,705.8,5.3,0.751%,
2021-10-31,11498,1189,1064,6.184%,705.8,5.2,0.737%,
2021-10-30,11501,1189,1064,6.085%,694.6,5.2,0.749%,
2021-10-29,11500,1188,1063,6.299%,718.9,5.5,0.765%,
2021-10-28,11500,1187,1063,6.103%,696.6,5.3,0.761%,
2021-10-27,11501,1187,1062,6.069%,692.4,5.6,0.809%,
2021-10-26,11498,1187,1061,6.255%,713.7,5.5,0.771%,
2021-10-25,11505,1187,1060,6.495%,741.5,5.8,0.782%,
2021-10-24,11501,1188,1060,6.321%,721.2,5.8,0.804%,
2021-10-23,11500,1185,1058,6.683%,762,6.6,0.866%,
2021-10-22,11504,1184,1058,6.467%,737.4,6.6,0.895%,
2021-10-21,11505,1182,1058,6.331%,721.8,6.6,0.914%,
2021-10-20,11500,1181,1058,6.096%,694.4,6.6,0.95%,
2021-10-19,11498,1295,1057,6.093%,693.9,6.7,0.966%,
2021-10-18,11497,1293,1056,5.632%,641.5,6,0.935%,
2021-10-17,11495,1290,1055,5.125%,583,6.1,1.046%,
2021-10-16,11494,1284,1055,5.033%,572.4,6.1,1.066%,
2021-10-15,11479,1228,1054,4.819%,547.2,6,1.096%,
2021-10-14,11479,1228,1053,4.899%,555.9,6.5,1.169%,
2021-10-13,11484,1228,1052,4.678%,530.8,6.4,1.206%,
2021-10-12,11483,1223,1051,6.749%,766,9,1.175%,
2021-10-11,11487,1218,1049,7.37%,837.1,9.5,1.135%,
2021-10-10,11475,1073,1049,7.392%,838.7,9.5,1.133%,
2021-10-09,11462,1072,1048,7.353%,833.5,9.3,1.116%,
2021-10-08,11459,1071,1048,7.266%,823.3,9.3,1.13%,
2021-10-07,11451,991,1047,6.605%,747,9.3,1.245%,
2021-10-06,11441,990,1046,8.246%,932.1,11.3,1.212%,
2021-10-05,11439,982,1045,9.496%,1074.4,11.9,1.108%,
2021-10-03,11388,827,1042,9.07%,1021.4,11.5,1.126%,
2021-10-02,11383,827,1040,15.226%,1715.4,17.8,1.038%,
2021-10-01,11370,824,1039,15%,1687.5,18,1.067%,
2021-09-30,11373,820,1037,14.536%,1636.2,17,1.039%,
2021-09-29,11372,816,1035,9.797%,1099,15.1,1.374%,
2021-09-27,11361,807,1033,12.635%,1419.6,15.9,1.12%,
2021-09-26,11322,687,1031,11.775%,1317.2,16,1.215%,
2021-09-25,11282,679,1028,6.57%,732.8,8.4,1.146%,
2021-09-23,11231,500,1024,4.456%,496.2,4.3,0.867%,
2021-09-22,11210,500,1020,4.037%,448.7,3.8,0.847%,
2021-09-21,11182,500,1017,3.557%,394.5,3.2,0.811%,
2021-09-20,11178,501,1016,3.256%,361.2,2.7,0.748%,
2021-09-19,11171,500,1016,3.232%,358.3,2.7,0.754%,
2021-09-18,11169,500,1016,3.232%,358.3,2.7,0.754%,
2021-09-17,11173,500,1015,3.23%,358.2,2.7,0.754%,
2021-09-16,11169,500,1014,3.294%,365.2,2.7,0.739%,
2021-09-15,11168,500,1014,3.292%,365,2.7,0.74%,
2021-09-14,11170,500,1014,3.286%,364.4,2.7,0.741%,
2021-09-13,11171,500,1014,3.285%,364.3,2.7,0.741%,
2021-09-12,11173,499,1013,3.359%,372.9,2.4,0.644%,
2021-09-11,11176,499,1011,3.658%,406.1,2.7,0.665%,
2021-09-10,11182,498,1010,3.705%,411.8,2.5,0.607%,
2021-09-09,11174,496,1010,3.703%,411.3,2.5,0.608%,
2021-09-08,11170,496,1009,3.654%,405.6,2.6,0.641%,
2021-09-07,11163,497,1008,3.83%,425,2.5,0.588%,
2021-09-06,11153,497,1006,3.705%,410.8,2.4,0.584%,
2021-09-05,11152,496,1005,3.722%,412.7,2.4,0.582%,
2021-09-04,11151,495,1004,3.72%,412.4,2.4,0.582%,
2021-09-03,11150,495,1004,3.716%,411.9,2.4,0.583%,
2021-09-01,11122,494,1001,4.008%,442.6,3.2,0.723%,
2021-08-31,11128,494,1000,3.987%,440.5,3.2,0.726%,
2021-08-30,11130,494,998,4.128%,455.2,4.2,0.923%,
2021-08-29,11129,494,998,4.072%,449,4.2,0.935%,
2021-08-28,11139,492,994,4.847%,534.5,5.4,1.01%,
2021-08-25,11146,492,990,5.147%,567.8,5.9,1.039%,
2021-08-24,11148,492,990,5.135%,566.5,5.9,1.041%,
2021-08-23,11145,492,990,5.098%,562.3,5.9,1.049%,
2021-08-22,11142,492,990,5.063%,558.3,5.8,1.039%,
2021-08-21,11141,491,989,5.212%,574.3,6.4,1.114%,
2021-08-20,11146,491,988,7.16%,789.6,8.5,1.076%,
2021-08-16,11153,491,985,7.57%,835.1,9.2,1.102%,
2021-08-15,11154,490,985,7.538%,831.7,9.1,1.094%,
2021-08-14,11155,489,984,7.605%,839.4,8.9,1.06%,
2021-08-13,11158,488,984,7.599%,839,8.9,1.061%,
2021-08-09,11162,487,983,7.483%,826.2,9.1,1.101%,
2021-08-08,11169,487,980,7.952%,878.5,9.7,1.104%,
2021-08-07,11175,487,980,7.941%,877.7,9.7,1.105%,
2021-08-06,11173,487,980,7.909%,874,9.7,1.11%,
2021-08-05,11174,486,978,8.903%,983.9,10.9,1.108%,
2021-08-04,11174,486,977,9.185%,1014.2,12.1,1.193%,
2021-08-02,11179,486,977,9.148%,1010.5,12.2,1.207%,
2021-08-01,11180,486,976,9.024%,997,11.9,1.194%,
2021-07-30,11186,485,976,9.013%,996.3,11.9,1.194%,
2021-07-29,11188,483,976,9.002%,995.2,11.9,1.196%,
2021-07-28,11188,483,976,8.995%,994.5,11.9,1.197%,
2021-07-27,11189,483,976,8.991%,994.1,11.9,1.197%,
2021-07-26,11196,483,976,8.981%,993.6,11.9,1.198%,
2021-07-25,11196,483,976,8.978%,993.3,11.9,1.198%,
2021-07-24,11193,481,976,8.977%,992.9,11.9,1.199%,
2021-07-23,11194,481,976,8.976%,992.9,11.9,1.199%,
2021-07-22,11199,481,976,8.969%,992.5,11.9,1.199%,
2021-07-21,11198,481,976,8.952%,990.6,11.9,1.201%,
2021-07-20,11200,481,976,8.942%,989.6,11.9,1.203%,
2021-07-19,11200,480,976,8.936%,988.9,11.9,1.203%,
2021-07-18,11208,479,976,8.92%,987.9,11.9,1.205%,
2021-07-17,11208,479,976,8.903%,985.9,11.9,1.207%,
2021-07-16,11206,479,976,8.882%,983.4,11.9,1.21%,
2021-07-15,11208,478,976,8.815%,976.2,11.8,1.209%,
2021-07-14,11212,478,975,8.726%,967.5,10.9,1.127%,
2021-07-13,11208,478,974,8.728%,967.3,10.9,1.127%,
2021-07-12,11214,477,974,8.711%,965.9,10.9,1.128%,
2021-07-10,11217,477,974,8.701%,965.1,10.9,1.129%,
2021-07-07,11220,475,974,8.644%,959,10.9,1.137%,
2021-07-06,11219,474,974,8.615%,955.6,10.9,1.141%,
2021-07-05,11218,474,974,8.572%,950.7,10.9,1.147%,
2021-07-04,11222,473,974,8.518%,945.1,10.8,1.143%,
2021-07-03,11225,473,974,8.409%,933.1,10.8,1.157%,
2021-07-02,11223,473,974,8.253%,915.6,10.6,1.158%,
2021-07-01,11226,473,973,8.064%,895.4,9.9,1.106%,
2021-06-30,11221,473,973,7.791%,864.6,9.6,1.11%,
2021-06-29,11220,473,972,7.695%,853.8,9.6,1.124%,
2021-06-28,11213,472,972,7.409%,821.5,9.3,1.132%,
2021-06-27,11203,472,971,7.572%,839.2,9.1,1.084%,
2021-06-26,11203,472,970,7.511%,833.2,8.3,0.996%,
2021-06-25,11195,472,970,7.144%,791.7,8.1,1.023%,
2021-06-24,11189,471,970,6.464%,715.9,7.4,1.034%,
2021-06-23,11188,470,968,6.427%,712.3,6.8,0.955%,
2021-06-22,11187,469,968,6.378%,706.7,6.8,0.962%,
2021-06-21,11188,468,968,6.284%,696.3,6.8,0.977%,
2021-06-20,11188,467,968,6.098%,675.5,6.7,0.992%,
2021-06-19,11188,467,965,6.238%,688.9,9,1.306%,
2021-06-18,11188,464,964,6.308%,696.4,9.3,1.335%,
2021-06-17,11189,464,964,6.304%,696.1,9.3,1.336%,
2021-06-16,11184,463,964,6.303%,695.6,9.3,1.337%,
2021-06-14,11168,462,963,6.28%,692.1,9.3,1.344%,
2021-06-11,11138,432,961,6.156%,676.3,9.3,1.375%,
2021-06-10,11127,401,959,6.061%,665.1,9.3,1.398%,
2021-06-09,11121,401,958,5.91%,647.9,9.3,1.435%,
2021-06-08,11116,399,956,5.492%,601.7,8.8,1.463%,
2021-06-07,11102,396,955,5.181%,567.1,8.1,1.428%,
2021-06-06,11094,393,954,4.254%,465.2,6.7,1.44%,
2021-06-05,11089,393,948,4.678%,511.9,6.8,1.328%,
2021-06-04,11091,390,946,4.88%,533.3,7.9,1.481%,
2021-06-03,11095,388,944,5.11%,558,8.9,1.595%,
2021-06-02,11095,385,943,5.152%,563.1,8.5,1.51%,
2021-06-01,11094,384,942,4.898%,536,7.4,1.381%,
2021-05-31,11094,384,940,5.046%,551.8,8,1.45%,
2021-05-30,11089,384,940,4.733%,517.1,7.7,1.489%,
2021-05-29,11083,383,936,5.206%,569.5,7.5,1.317%,
2021-05-28,11083,383,934,5.328%,582.8,7.7,1.321%,
2021-05-27,11083,381,933,5.172%,566.2,7,1.236%,
2021-05-26,11084,379,933,5.009%,548.4,6.8,1.24%,
2021-05-25,11078,370,933,4.878%,533.4,7,1.312%,
2021-05-24,11074,369,931,4.756%,519.8,6.9,1.327%,
2021-05-23,11075,366,930,5.047%,551.8,7.2,1.305%,
2021-05-22,11079,362,928,5.158%,564.7,6.7,1.186%,
2021-05-21,11076,362,927,5.073%,555,6.9,1.243%,
2021-05-20,11069,361,927,4.946%,541.2,6.3,1.164%,
2021-05-19,11064,361,926,4.782%,524,5.1,0.973%,
2021-05-18,11058,359,924,4.693%,514.6,4.3,0.836%,
2021-05-17,11053,359,923,4.835%,530.3,4.1,0.773%,
2021-05-16,11052,359,923,4.795%,525.8,4.1,0.78%,
2021-05-15,11046,358,919,5.802%,636.7,4.2,0.66%,
2021-05-14,11047,358,918,6.026%,661.5,4.2,0.635%,
2021-05-13,11047,358,918,6.016%,660.4,4.2,0.636%,
2021-05-12,11051,358,918,5.986%,657.3,4.2,0.639%,
2021-05-11,11048,358,918,5.929%,650.8,4.2,0.645%,
2021-05-10,11045,358,918,5.826%,639.4,4.1,0.641%,
2021-05-09,11045,358,918,5.725%,628.2,4.1,0.653%,
2021-05-08,11043,357,918,5.68%,623.1,4.1,0.658%,
2021-05-07,11040,357,918,5.68%,623,4.1,0.658%,
2021-05-06,11044,356,918,5.664%,621.4,4.1,0.66%,
2021-05-05,11042,356,918,5.429%,595.7,3.8,0.638%,
2021-05-04,11048,354,917,5.557%,610.1,3.8,0.623%,
2021-05-03,11055,353,917,5.548%,609.5,3.8,0.623%,
2021-05-02,11045,353,917,5.465%,599.8,3.8,0.634%,
2021-05-01,11046,352,914,5.956%,650,7.9,1.215%,
2021-04-30,11047,351,911,6.28%,685.1,8.6,1.255%,
2021-04-29,11051,351,911,6.083%,663.7,8.5,1.281%,
2021-04-28,11050,351,910,6.043%,659.5,8.3,1.259%,
2021-04-27,11056,351,910,6.036%,659,8.3,1.259%,
2021-04-26,11059,350,910,6.028%,658.3,8.3,1.261%,
2021-04-25,11051,350,910,6.025%,657.5,8.3,1.262%,
2021-04-24,11056,351,910,5.991%,654.1,8.3,1.269%,
2021-04-23,11056,350,910,5.96%,650.6,8.3,1.276%,
2021-04-22,11055,350,910,5.948%,649.3,8.3,1.278%,
2021-04-21,11051,350,910,5.917%,645.6,8.3,1.286%,
2021-04-20,11045,350,910,5.882%,641.4,8.3,1.294%,
2021-04-19,11036,349,910,5.755%,626.8,8.3,1.324%,
2021-04-18,11023,349,907,5.567%,605.9,7.8,1.287%,
2021-04-17,11023,349,907,5.45%,592.9,7.8,1.316%,
2021-04-16,11023,348,904,5.562%,605.4,7.7,1.272%,
2021-04-15,11015,348,903,5.483%,596,7.9,1.326%,
2021-04-14,11014,347,903,5.381%,584.8,7.9,1.351%,
2021-04-13,11007,346,901,5.393%,585.4,8.2,1.401%,
2021-04-12,10996,346,901,4.987%,540.5,7.9,1.462%,
2021-04-11,10986,344,899,4.731%,512,7.8,1.523%,
2021-04-10,10979,339,899,4.608%,498.2,7.7,1.546%,
2021-04-09,10975,336,899,4.51%,487.5,7.5,1.538%,
2021-04-08,10976,336,898,4.525%,489,7.7,1.575%,
2021-04-07,10967,336,898,4.399%,474.9,7.5,1.579%,
2021-04-06,10950,336,897,4.512%,486.4,7.7,1.583%,
2021-04-05,10933,333,896,4.342%,467.8,6.9,1.475%,
2021-04-04,10890,332,892,3.961%,427.8,3.5,0.818%,
2021-04-03,10868,400,889,4.21%,454.1,3.4,0.749%,
2021-04-02,10860,383,888,4.314%,464.9,3.6,0.774%,
2021-04-01,10853,382,886,4.473%,481.6,3.9,0.81%,
2021-03-31,10846,379,884,4.438%,477.2,4.1,0.859%,
2021-03-30,10836,376,883,4.367%,469.3,3.9,0.831%,
2021-03-29,10829,375,881,4.43%,476.2,3.5,0.735%,
2021-03-28,10823,371,878,4.751%,511.1,3.1,0.607%,
2021-03-27,10813,368,876,4.762%,511.4,3.5,0.684%,
2021-03-26,10796,367,873,6.067%,650.4,4.6,0.707%,
2021-03-25,10787,362,871,6.266%,671.4,4.5,0.67%,
2021-03-24,10788,329,870,6.57%,703.7,5.1,0.725%,
2021-03-23,10781,329,868,7.141%,764.2,5.7,0.746%,
2021-03-22,10763,431,866,7.497%,801.8,5.1,0.636%,
2021-03-20,10739,366,863,7.867%,839.4,5.4,0.643%,
2021-03-19,10720,364,862,7.66%,815.8,5.4,0.662%,
2021-03-18,10710,361,860,7.345%,781.4,5.2,0.665%,
2021-03-17,10688,353,857,7.895%,837.5,6.3,0.752%,
2021-03-16,10659,280,855,7.921%,837.8,6.5,0.776%,
2021-03-15,10642,298,852,8.235%,870,6.4,0.736%,
2021-03-14,10625,427,850,8.165%,861.8,5.7,0.661%,
2021-03-13,10609,426,848,8.563%,902.6,5.8,0.643%,
2021-03-12,10588,424,847,8.429%,886.5,6,0.677%,
2021-03-11,10572,561,844,8.179%,859,5.7,0.664%,
2021-03-10,10556,560,840,8.54%,896.2,5.3,0.591%,
2021-03-09,10532,758,837,9.112%,953.9,5.8,0.608%,
2021-03-08,10510,721,835,8.879%,927.4,5.8,0.625%,
2021-03-07,10469,717,833,8.381%,872.2,5.2,0.596%,
2021-03-06,10424,790,828,8.17%,844.7,6.9,0.817%,
2021-03-05,10407,786,825,8.635%,891.2,7.4,0.83%,
2021-03-04,10387,784,823,8.26%,850.8,7.2,0.846%,
2021-03-03,10374,782,821,8.461%,870,7.7,0.885%,
2021-03-01,10352,779,819,8.75%,896.7,9.1,1.015%,
2021-02-28,10336,778,815,9.489%,969.4,11.4,1.176%,
2021-02-27,10319,689,813,10.088%,1029.1,11.9,1.156%,
2021-02-26,10307,689,812,9.896%,1008.7,11.3,1.12%,
2021-02-25,10297,688,810,9.81%,999.4,10.7,1.071%,
2021-02-24,10286,687,807,10.093%,1026.2,12,1.169%,
2021-02-23,10280,687,805,10.032%,1019,12.3,1.207%,
2021-02-22,10264,685,803,9.903%,1003.7,12.7,1.265%,
2021-02-21,10229,685,800,9.834%,995.7,10.2,1.024%,
2021-02-20,10213,684,798,9.355%,945.1,10.3,1.09%,
2021-02-19,10203,706,797,8.629%,871.5,8.9,1.021%,
2021-02-18,10193,705,795,8.655%,874.5,7.7,0.881%,
2021-02-17,10189,704,793,9.232%,931.8,8.8,0.944%,
2021-02-16,10180,703,792,8.942%,901.2,9.1,1.01%,
2021-02-15,10177,700,790,8.926%,900.3,8.1,0.9%,
2021-02-14,10166,699,788,9.09%,915.6,8.5,0.928%,
2021-02-13,10158,759,787,8.893%,895.8,7.6,0.848%,
2021-02-12,10156,759,785,9.611%,968.2,7.9,0.816%,
2021-02-11,10159,759,785,9.592%,966.6,7.9,0.817%,
2021-02-10,10145,758,784,9.793%,985.8,7.7,0.781%,